{
  "status": "healthy",
  "version": "0.1.10",
  "build_timestamp": "2025-12-17T19:58:59Z",
  "git_sha": "dbf08e8",
  "latest_period": "2024-11",
  "data_vintage": "2023",
  "observations_count": 835,
  "last_updated": "2025-12-17",
  "endpoints": {
    "dashboard": "/",
    "timeseries": "/data/outputs/published/dmi_timeseries_2010_2024.json",
    "latest": "/data/outputs/dmi_release_2024-11.json",
    "latest_with_ci": "/data/outputs/dmi_release_2024-11_with_ci.json",
    "latest_u6": "/data/outputs/dmi_release_2024-11_u6.json",
    "latest_core": "/data/outputs/dmi_release_2024-11_core.json"
  }
}
