{
  "dataset_name": "Distributional Misery Index",
  "version": "0.1.10",
  "license": "MIT",
  "contact": "https://github.com/tcwilliams79/dmi",
  "website": "https://dmianalysis.org",
  "citation": "Williams, T.C. (2024). Distributional Misery Index v0.1.10",
  "data_vintage": "2023",
  "coverage": {
    "start_period": "2011-01",
    "end_period": "2024-11",
    "frequency": "monthly",
    "geographic_level": "national",
    "income_groups": 5
  },
  "files": {
    "timeseries": "/data/outputs/published/dmi_timeseries_2010_2024.json",
    "latest": "/data/outputs/dmi_release_2024-11.json",
    "schema": "/schemas/dmi_output_schema.json",
    "health": "/health.json"
  },
  "build": {
    "timestamp": "2025-12-17T19:58:59Z",
    "git_sha": "dbf08e8"
  }
}
