{
  "reference_period": "2024-11",
  "parameters": {
    "alpha": 0.5,
    "scale_factor": 2.0,
    "weights_year": 2023
  },
  "dmi_by_group": [
    {
      "group_id": "Q1",
      "dmi": 6.852988387991728,
      "inflation": 2.652988387991728,
      "slack": 4.2
    },
    {
      "group_id": "Q2",
      "dmi": 6.8168045972105205,
      "inflation": 2.6168045972105203,
      "slack": 4.2
    },
    {
      "group_id": "Q3",
      "dmi": 6.720584677349458,
      "inflation": 2.520584677349458,
      "slack": 4.2
    },
    {
      "group_id": "Q4",
      "dmi": 6.682155963843846,
      "inflation": 2.482155963843846,
      "slack": 4.2
    },
    {
      "group_id": "Q5",
      "dmi": 6.615173443121543,
      "inflation": 2.4151734431215433,
      "slack": 4.2
    }
  ],
  "summary_metrics": {
    "dmi_median": 6.720584677349458,
    "dmi_stress": 6.852988387991728,
    "dmi_dispersion_q5_q1": -0.23781494487018495
  },
  "inflation_contributions": [
    {
      "group_id": "Q1",
      "category_id": "CPI_APPAREL",
      "contribution": 0.0259026159619795
    },
    {
      "group_id": "Q1",
      "category_id": "CPI_EDU_COMM",
      "contribution": 0.02726643866940156
    },
    {
      "group_id": "Q1",
      "category_id": "CPI_FOOD_BEVERAGES",
      "contribution": 0.7291157965781229
    },
    {
      "group_id": "Q1",
      "category_id": "CPI_HOUSING",
      "contribution": 1.364679079950488
    },
    {
      "group_id": "Q1",
      "category_id": "CPI_MEDICAL_CARE",
      "contribution": 0.2620976262378338
    },
    {
      "group_id": "Q1",
      "category_id": "CPI_OTHER",
      "contribution": 0.11599058926112644
    },
    {
      "group_id": "Q1",
      "category_id": "CPI_RECREATION",
      "contribution": 0.06013272272319786
    },
    {
      "group_id": "Q1",
      "category_id": "CPI_TRANSPORTATION",
      "contribution": 0.06780351860957828
    },
    {
      "group_id": "Q2",
      "category_id": "CPI_APPAREL",
      "contribution": 0.024411168527522384
    },
    {
      "group_id": "Q2",
      "category_id": "CPI_EDU_COMM",
      "contribution": 0.021897855979907833
    },
    {
      "group_id": "Q2",
      "category_id": "CPI_FOOD_BEVERAGES",
      "contribution": 0.7072995177868168
    },
    {
      "group_id": "Q2",
      "category_id": "CPI_HOUSING",
      "contribution": 1.3288269363797465
    },
    {
      "group_id": "Q2",
      "category_id": "CPI_MEDICAL_CARE",
      "contribution": 0.2608386526233044
    },
    {
      "group_id": "Q2",
      "category_id": "CPI_OTHER",
      "contribution": 0.13420145727130903
    },
    {
      "group_id": "Q2",
      "category_id": "CPI_RECREATION",
      "contribution": 0.060880135647202745
    },
    {
      "group_id": "Q2",
      "category_id": "CPI_TRANSPORTATION",
      "contribution": 0.07844887299471041
    },
    {
      "group_id": "Q3",
      "category_id": "CPI_APPAREL",
      "contribution": 0.025288115539822444
    },
    {
      "group_id": "Q3",
      "category_id": "CPI_EDU_COMM",
      "contribution": 0.024628901709312555
    },
    {
      "group_id": "Q3",
      "category_id": "CPI_FOOD_BEVERAGES",
      "contribution": 0.6931589419857388
    },
    {
      "group_id": "Q3",
      "category_id": "CPI_HOUSING",
      "contribution": 1.250107740498526
    },
    {
      "group_id": "Q3",
      "category_id": "CPI_MEDICAL_CARE",
      "contribution": 0.24018579773718238
    },
    {
      "group_id": "Q3",
      "category_id": "CPI_OTHER",
      "contribution": 0.12926654577093125
    },
    {
      "group_id": "Q3",
      "category_id": "CPI_RECREATION",
      "contribution": 0.0657509045125796
    },
    {
      "group_id": "Q3",
      "category_id": "CPI_TRANSPORTATION",
      "contribution": 0.09219772959536499
    },
    {
      "group_id": "Q4",
      "category_id": "CPI_APPAREL",
      "contribution": 0.029771564927696375
    },
    {
      "group_id": "Q4",
      "category_id": "CPI_EDU_COMM",
      "contribution": 0.02180110974816746
    },
    {
      "group_id": "Q4",
      "category_id": "CPI_FOOD_BEVERAGES",
      "contribution": 0.6914214574314672
    },
    {
      "group_id": "Q4",
      "category_id": "CPI_HOUSING",
      "contribution": 1.2077182788854735
    },
    {
      "group_id": "Q4",
      "category_id": "CPI_MEDICAL_CARE",
      "contribution": 0.22952067509910887
    },
    {
      "group_id": "Q4",
      "category_id": "CPI_OTHER",
      "contribution": 0.13075178434098322
    },
    {
      "group_id": "Q4",
      "category_id": "CPI_RECREATION",
      "contribution": 0.07475645439765352
    },
    {
      "group_id": "Q4",
      "category_id": "CPI_TRANSPORTATION",
      "contribution": 0.09641463901329525
    },
    {
      "group_id": "Q5",
      "category_id": "CPI_APPAREL",
      "contribution": 0.02983679925855012
    },
    {
      "group_id": "Q5",
      "category_id": "CPI_EDU_COMM",
      "contribution": 0.03308844734708002
    },
    {
      "group_id": "Q5",
      "category_id": "CPI_FOOD_BEVERAGES",
      "contribution": 0.6328864777743757
    },
    {
      "group_id": "Q5",
      "category_id": "CPI_HOUSING",
      "contribution": 1.196896571396772
    },
    {
      "group_id": "Q5",
      "category_id": "CPI_MEDICAL_CARE",
      "contribution": 0.1981741716991369
    },
    {
      "group_id": "Q5",
      "category_id": "CPI_OTHER",
      "contribution": 0.12451601525643194
    },
    {
      "group_id": "Q5",
      "category_id": "CPI_RECREATION",
      "contribution": 0.09895128404877461
    },
    {
      "group_id": "Q5",
      "category_id": "CPI_TRANSPORTATION",
      "contribution": 0.10082367634042183
    }
  ],
  "metadata": {
    "computed_at": "2025-12-17T14:48:37.320930Z",
    "num_groups": 5,
    "num_categories": 8
  }
}