[
  {
    "period":"2024-12",
    "value":4.1
  },
  {
    "period":"2024-11",
    "value":4.2
  },
  {
    "period":"2024-10",
    "value":4.1
  },
  {
    "period":"2024-09",
    "value":4.1
  },
  {
    "period":"2024-08",
    "value":4.2
  },
  {
    "period":"2024-07",
    "value":4.2
  },
  {
    "period":"2024-06",
    "value":4.1
  },
  {
    "period":"2024-05",
    "value":4.0
  },
  {
    "period":"2024-04",
    "value":3.9
  },
  {
    "period":"2024-03",
    "value":3.9
  },
  {
    "period":"2024-02",
    "value":3.9
  },
  {
    "period":"2024-01",
    "value":3.7
  },
  {
    "period":"2023-12",
    "value":3.8
  },
  {
    "period":"2023-11",
    "value":3.7
  },
  {
    "period":"2023-10",
    "value":3.9
  },
  {
    "period":"2023-09",
    "value":3.8
  },
  {
    "period":"2023-08",
    "value":3.7
  },
  {
    "period":"2023-07",
    "value":3.5
  },
  {
    "period":"2023-06",
    "value":3.6
  },
  {
    "period":"2023-05",
    "value":3.6
  },
  {
    "period":"2023-04",
    "value":3.4
  },
  {
    "period":"2023-03",
    "value":3.5
  },
  {
    "period":"2023-02",
    "value":3.6
  },
  {
    "period":"2023-01",
    "value":3.5
  }
]