{
  "dmi_by_group": [
    {
      "group_id": "Q1",
      "dmi": 12.580122307008308,
      "inflation": 8.980122307008308,
      "slack": 3.6
    },
    {
      "group_id": "Q2",
      "dmi": 12.841198596199806,
      "inflation": 9.241198596199807,
      "slack": 3.6
    },
    {
      "group_id": "Q3",
      "dmi": 13.11772919594509,
      "inflation": 9.51772919594509,
      "slack": 3.6
    },
    {
      "group_id": "Q4",
      "dmi": 13.221744879764682,
      "inflation": 9.621744879764682,
      "slack": 3.6
    },
    {
      "group_id": "Q5",
      "dmi": 13.133705243534695,
      "inflation": 9.533705243534696,
      "slack": 3.6
    }
  ],
  "summary_metrics": {
    "dmi_median": 13.11772919594509,
    "dmi_stress": 13.221744879764682,
    "dmi_dispersion_q5_q1": 0.5535829365263876
  },
  "contributions": [
    {
      "group_id": "Q1",
      "category_id": "CPI_APPAREL",
      "contribution": 0.12102577994931689
    },
    {
      "group_id": "Q1",
      "category_id": "CPI_EDU_COMM",
      "contribution": 0.03171022969706391
    },
    {
      "group_id": "Q1",
      "category_id": "CPI_FOOD_BEVERAGES",
      "contribution": 3.099354198232825
    },
    {
      "group_id": "Q1",
      "category_id": "CPI_HOUSING",
      "contribution": 2.477462863836595
    },
    {
      "group_id": "Q1",
      "category_id": "CPI_MEDICAL_CARE",
      "contribution": 0.3948971420615548
    },
    {
      "group_id": "Q1",
      "category_id": "CPI_OTHER",
      "contribution": 0.28457027211687813
    },
    {
      "group_id": "Q1",
      "category_id": "CPI_RECREATION",
      "contribution": 0.18802491519356349
    },
    {
      "group_id": "Q1",
      "category_id": "CPI_TRANSPORTATION",
      "contribution": 2.3830769059205097
    },
    {
      "group_id": "Q2",
      "category_id": "CPI_APPAREL",
      "contribution": 0.11421597504973836
    },
    {
      "group_id": "Q2",
      "category_id": "CPI_EDU_COMM",
      "contribution": 0.025502137602847235
    },
    {
      "group_id": "Q2",
      "category_id": "CPI_FOOD_BEVERAGES",
      "contribution": 3.010801228068187
    },
    {
      "group_id": "Q2",
      "category_id": "CPI_HOUSING",
      "contribution": 2.4157337203605795
    },
    {
      "group_id": "Q2",
      "category_id": "CPI_MEDICAL_CARE",
      "contribution": 0.3935472394712679
    },
    {
      "group_id": "Q2",
      "category_id": "CPI_OTHER",
      "contribution": 0.32970689192972263
    },
    {
      "group_id": "Q2",
      "category_id": "CPI_RECREATION",
      "contribution": 0.19062689042268466
    },
    {
      "group_id": "Q2",
      "category_id": "CPI_TRANSPORTATION",
      "contribution": 2.7610645132947806
    },
    {
      "group_id": "Q3",
      "category_id": "CPI_APPAREL",
      "contribution": 0.11852678539437216
    },
    {
      "group_id": "Q3",
      "category_id": "CPI_EDU_COMM",
      "contribution": 0.02873305414800997
    },
    {
      "group_id": "Q3",
      "category_id": "CPI_FOOD_BEVERAGES",
      "contribution": 2.955788184883918
    },
    {
      "group_id": "Q3",
      "category_id": "CPI_HOUSING",
      "contribution": 2.2766162891655437
    },
    {
      "group_id": "Q3",
      "category_id": "CPI_MEDICAL_CARE",
      "contribution": 0.36302288362061735
    },
    {
      "group_id": "Q3",
      "category_id": "CPI_OTHER",
      "contribution": 0.3181403053580786
    },
    {
      "group_id": "Q3",
      "category_id": "CPI_RECREATION",
      "contribution": 0.20623959155667895
    },
    {
      "group_id": "Q3",
      "category_id": "CPI_TRANSPORTATION",
      "contribution": 3.250662101817871
    },
    {
      "group_id": "Q4",
      "category_id": "CPI_APPAREL",
      "contribution": 0.13963449794293578
    },
    {
      "group_id": "Q4",
      "category_id": "CPI_EDU_COMM",
      "contribution": 0.02545108915391333
    },
    {
      "group_id": "Q4",
      "category_id": "CPI_FOOD_BEVERAGES",
      "contribution": 2.9503555556946925
    },
    {
      "group_id": "Q4",
      "category_id": "CPI_HOUSING",
      "contribution": 2.2008936599629316
    },
    {
      "group_id": "Q4",
      "category_id": "CPI_MEDICAL_CARE",
      "contribution": 0.3471358892859414
    },
    {
      "group_id": "Q4",
      "category_id": "CPI_OTHER",
      "contribution": 0.3220113646211826
    },
    {
      "group_id": "Q4",
      "category_id": "CPI_RECREATION",
      "contribution": 0.2346443108093603
    },
    {
      "group_id": "Q4",
      "category_id": "CPI_TRANSPORTATION",
      "contribution": 3.4016185122937244
    },
    {
      "group_id": "Q5",
      "category_id": "CPI_APPAREL",
      "contribution": 0.13992931824043797
    },
    {
      "group_id": "Q5",
      "category_id": "CPI_EDU_COMM",
      "contribution": 0.03862509685204118
    },
    {
      "group_id": "Q5",
      "category_id": "CPI_FOOD_BEVERAGES",
      "contribution": 2.7003666907967996
    },
    {
      "group_id": "Q5",
      "category_id": "CPI_HOUSING",
      "contribution": 2.180998990315826
    },
    {
      "group_id": "Q5",
      "category_id": "CPI_MEDICAL_CARE",
      "contribution": 0.2997023698131547
    },
    {
      "group_id": "Q5",
      "category_id": "CPI_OTHER",
      "contribution": 0.30662969479325297
    },
    {
      "group_id": "Q5",
      "category_id": "CPI_RECREATION",
      "contribution": 0.3105619103428055
    },
    {
      "group_id": "Q5",
      "category_id": "CPI_TRANSPORTATION",
      "contribution": 3.5568911723803787
    }
  ],
  "reference_period": "2022-06",
  "parameters": {
    "alpha": 0.5,
    "scale_factor": 2.0,
    "weights_year": 2023
  },
  "metadata": {
    "computed_at": "2025-12-17T14:22:09.879454Z",
    "backfill": true
  }
}