{
  "dmi_by_group": [
    {
      "group_id": "Q1",
      "dmi": 6.678693472893834,
      "inflation": 2.978693472893834,
      "slack": 3.7
    },
    {
      "group_id": "Q2",
      "dmi": 6.6860707799846955,
      "inflation": 2.9860707799846953,
      "slack": 3.7
    },
    {
      "group_id": "Q3",
      "dmi": 6.616848060375399,
      "inflation": 2.916848060375399,
      "slack": 3.7
    },
    {
      "group_id": "Q4",
      "dmi": 6.5966132854281625,
      "inflation": 2.8966132854281623,
      "slack": 3.7
    },
    {
      "group_id": "Q5",
      "dmi": 6.555908552847497,
      "inflation": 2.855908552847497,
      "slack": 3.7
    }
  ],
  "summary_metrics": {
    "dmi_median": 6.616848060375399,
    "dmi_stress": 6.6860707799846955,
    "dmi_dispersion_q5_q1": -0.12278492004633712
  },
  "contributions": [
    {
      "group_id": "Q1",
      "category_id": "CPI_APPAREL",
      "contribution": 0.0012802322565602976
    },
    {
      "group_id": "Q1",
      "category_id": "CPI_EDU_COMM",
      "contribution": 0.0008863215762563508
    },
    {
      "group_id": "Q1",
      "category_id": "CPI_FOOD_BEVERAGES",
      "contribution": 0.794497464375426
    },
    {
      "group_id": "Q1",
      "category_id": "CPI_HOUSING",
      "contribution": 1.5343934955496876
    },
    {
      "group_id": "Q1",
      "category_id": "CPI_MEDICAL_CARE",
      "contribution": 0.09038908247830195
    },
    {
      "group_id": "Q1",
      "category_id": "CPI_OTHER",
      "contribution": 0.23733125467277966
    },
    {
      "group_id": "Q1",
      "category_id": "CPI_RECREATION",
      "contribution": 0.11054837465472285
    },
    {
      "group_id": "Q1",
      "category_id": "CPI_TRANSPORTATION",
      "contribution": 0.2093672473301
    },
    {
      "group_id": "Q2",
      "category_id": "CPI_APPAREL",
      "contribution": 0.0012067747827741791
    },
    {
      "group_id": "Q2",
      "category_id": "CPI_EDU_COMM",
      "contribution": 0.0007119623338930624
    },
    {
      "group_id": "Q2",
      "category_id": "CPI_FOOD_BEVERAGES",
      "contribution": 0.770889071020196
    },
    {
      "group_id": "Q2",
      "category_id": "CPI_HOUSING",
      "contribution": 1.4944010240607042
    },
    {
      "group_id": "Q2",
      "category_id": "CPI_MEDICAL_CARE",
      "contribution": 0.08997406809860985
    },
    {
      "group_id": "Q2",
      "category_id": "CPI_OTHER",
      "contribution": 0.2746514719375092
    },
    {
      "group_id": "Q2",
      "category_id": "CPI_RECREATION",
      "contribution": 0.11194626887318206
    },
    {
      "group_id": "Q2",
      "category_id": "CPI_TRANSPORTATION",
      "contribution": 0.2422901388778262
    },
    {
      "group_id": "Q3",
      "category_id": "CPI_APPAREL",
      "contribution": 0.0012502935138906206
    },
    {
      "group_id": "Q3",
      "category_id": "CPI_EDU_COMM",
      "contribution": 0.0008008631705051118
    },
    {
      "group_id": "Q3",
      "category_id": "CPI_FOOD_BEVERAGES",
      "contribution": 0.7555778370150753
    },
    {
      "group_id": "Q3",
      "category_id": "CPI_HOUSING",
      "contribution": 1.4060605760354556
    },
    {
      "group_id": "Q3",
      "category_id": "CPI_MEDICAL_CARE",
      "contribution": 0.08286107942357414
    },
    {
      "group_id": "Q3",
      "category_id": "CPI_OTHER",
      "contribution": 0.2645871184887762
    },
    {
      "group_id": "Q3",
      "category_id": "CPI_RECREATION",
      "contribution": 0.12091873556920738
    },
    {
      "group_id": "Q3",
      "category_id": "CPI_TRANSPORTATION",
      "contribution": 0.2847915571589144
    },
    {
      "group_id": "Q4",
      "category_id": "CPI_APPAREL",
      "contribution": 0.0014720956132208106
    },
    {
      "group_id": "Q4",
      "category_id": "CPI_EDU_COMM",
      "contribution": 0.0007089746737948422
    },
    {
      "group_id": "Q4",
      "category_id": "CPI_FOOD_BEVERAGES",
      "contribution": 0.7537513053350303
    },
    {
      "group_id": "Q4",
      "category_id": "CPI_HOUSING",
      "contribution": 1.3585044652757337
    },
    {
      "group_id": "Q4",
      "category_id": "CPI_MEDICAL_CARE",
      "contribution": 0.07918882865199801
    },
    {
      "group_id": "Q4",
      "category_id": "CPI_OTHER",
      "contribution": 0.2676510926912826
    },
    {
      "group_id": "Q4",
      "category_id": "CPI_RECREATION",
      "contribution": 0.1374926252612065
    },
    {
      "group_id": "Q4",
      "category_id": "CPI_TRANSPORTATION",
      "contribution": 0.2978438979258961
    },
    {
      "group_id": "Q5",
      "category_id": "CPI_APPAREL",
      "contribution": 0.001475512217202855
    },
    {
      "group_id": "Q5",
      "category_id": "CPI_EDU_COMM",
      "contribution": 0.0010761795411143554
    },
    {
      "group_id": "Q5",
      "category_id": "CPI_FOOD_BEVERAGES",
      "contribution": 0.690028872889743
    },
    {
      "group_id": "Q5",
      "category_id": "CPI_HOUSING",
      "contribution": 1.346505948507697
    },
    {
      "group_id": "Q5",
      "category_id": "CPI_MEDICAL_CARE",
      "contribution": 0.06838256400433636
    },
    {
      "group_id": "Q5",
      "category_id": "CPI_OTHER",
      "contribution": 0.2549193679778519
    },
    {
      "group_id": "Q5",
      "category_id": "CPI_RECREATION",
      "contribution": 0.18201549708668532
    },
    {
      "group_id": "Q5",
      "category_id": "CPI_TRANSPORTATION",
      "contribution": 0.3115046106228662
    }
  ],
  "reference_period": "2024-01",
  "parameters": {
    "alpha": 0.5,
    "scale_factor": 2.0,
    "weights_year": 2023
  },
  "metadata": {
    "computed_at": "2025-12-17T14:22:09.930733Z",
    "backfill": true
  }
}