{
  "dmi_by_group": [
    {
      "group_id": "Q1",
      "dmi": 11.153409382536008,
      "inflation": 2.153409382536009,
      "slack": 9.0
    },
    {
      "group_id": "Q2",
      "dmi": 11.269539780914865,
      "inflation": 2.2695397809148643,
      "slack": 9.0
    },
    {
      "group_id": "Q3",
      "dmi": 11.40506235327298,
      "inflation": 2.40506235327298,
      "slack": 9.0
    },
    {
      "group_id": "Q4",
      "dmi": 11.435743131827039,
      "inflation": 2.4357431318270395,
      "slack": 9.0
    },
    {
      "group_id": "Q5",
      "dmi": 11.418783486491737,
      "inflation": 2.418783486491738,
      "slack": 9.0
    }
  ],
  "summary_metrics": {
    "dmi_median": 11.40506235327298,
    "dmi_stress": 11.435743131827039,
    "dmi_dispersion_q5_q1": 0.2653741039557289
  },
  "contributions": [
    {
      "group_id": "Q1",
      "category_id": "CPI_APPAREL",
      "contribution": -0.009682741983961563
    },
    {
      "group_id": "Q1",
      "category_id": "CPI_EDU_COMM",
      "contribution": 0.04610626726812445
    },
    {
      "group_id": "Q1",
      "category_id": "CPI_FOOD_BEVERAGES",
      "contribution": 0.6947021862167987
    },
    {
      "group_id": "Q1",
      "category_id": "CPI_HOUSING",
      "contribution": 0.22186744665881275
    },
    {
      "group_id": "Q1",
      "category_id": "CPI_MEDICAL_CARE",
      "contribution": 0.24553463478453394
    },
    {
      "group_id": "Q1",
      "category_id": "CPI_OTHER",
      "contribution": 0.08276563767905346
    },
    {
      "group_id": "Q1",
      "category_id": "CPI_RECREATION",
      "contribution": -0.005749673885419086
    },
    {
      "group_id": "Q1",
      "category_id": "CPI_TRANSPORTATION",
      "contribution": 0.8778656257980663
    },
    {
      "group_id": "Q2",
      "category_id": "CPI_APPAREL",
      "contribution": -0.00913204001410369
    },
    {
      "group_id": "Q2",
      "category_id": "CPI_EDU_COMM",
      "contribution": 0.037055923848400826
    },
    {
      "group_id": "Q2",
      "category_id": "CPI_FOOD_BEVERAGES",
      "contribution": 0.6744193529582377
    },
    {
      "group_id": "Q2",
      "category_id": "CPI_HOUSING",
      "contribution": 0.21620014379696798
    },
    {
      "group_id": "Q2",
      "category_id": "CPI_MEDICAL_CARE",
      "contribution": 0.24453787075664563
    },
    {
      "group_id": "Q2",
      "category_id": "CPI_OTHER",
      "contribution": 0.0958316678400565
    },
    {
      "group_id": "Q2",
      "category_id": "CPI_RECREATION",
      "contribution": -0.0058254899817268705
    },
    {
      "group_id": "Q2",
      "category_id": "CPI_TRANSPORTATION",
      "contribution": 1.0164523517103865
    },
    {
      "group_id": "Q3",
      "category_id": "CPI_APPAREL",
      "contribution": -0.009470849622575803
    },
    {
      "group_id": "Q3",
      "category_id": "CPI_EDU_COMM",
      "contribution": 0.041724806631748566
    },
    {
      "group_id": "Q3",
      "category_id": "CPI_FOOD_BEVERAGES",
      "contribution": 0.6616871937411671
    },
    {
      "group_id": "Q3",
      "category_id": "CPI_HOUSING",
      "contribution": 0.20362365880135033
    },
    {
      "group_id": "Q3",
      "category_id": "CPI_MEDICAL_CARE",
      "contribution": 0.2254315718074164
    },
    {
      "group_id": "Q3",
      "category_id": "CPI_OTHER",
      "contribution": 0.09241260139830103
    },
    {
      "group_id": "Q3",
      "category_id": "CPI_RECREATION",
      "contribution": -0.006298712953251821
    },
    {
      "group_id": "Q3",
      "category_id": "CPI_TRANSPORTATION",
      "contribution": 1.1959520834688242
    },
    {
      "group_id": "Q4",
      "category_id": "CPI_APPAREL",
      "contribution": -0.011153757310463704
    },
    {
      "group_id": "Q4",
      "category_id": "CPI_EDU_COMM",
      "contribution": 0.0369466393571322
    },
    {
      "group_id": "Q4",
      "category_id": "CPI_FOOD_BEVERAGES",
      "contribution": 0.6602521217778242
    },
    {
      "group_id": "Q4",
      "category_id": "CPI_HOUSING",
      "contribution": 0.19678567688563714
    },
    {
      "group_id": "Q4",
      "category_id": "CPI_MEDICAL_CARE",
      "contribution": 0.2154945450063462
    },
    {
      "group_id": "Q4",
      "category_id": "CPI_OTHER",
      "contribution": 0.0935060538442013
    },
    {
      "group_id": "Q4",
      "category_id": "CPI_RECREATION",
      "contribution": -0.007163839274167945
    },
    {
      "group_id": "Q4",
      "category_id": "CPI_TRANSPORTATION",
      "contribution": 1.2510756915405306
    },
    {
      "group_id": "Q5",
      "category_id": "CPI_APPAREL",
      "contribution": -0.011180937183781256
    },
    {
      "group_id": "Q5",
      "category_id": "CPI_EDU_COMM",
      "contribution": 0.0560891911397211
    },
    {
      "group_id": "Q5",
      "category_id": "CPI_FOOD_BEVERAGES",
      "contribution": 0.6045040532838455
    },
    {
      "group_id": "Q5",
      "category_id": "CPI_HOUSING",
      "contribution": 0.19507019437195874
    },
    {
      "group_id": "Q5",
      "category_id": "CPI_MEDICAL_CARE",
      "contribution": 0.18610925397595957
    },
    {
      "group_id": "Q5",
      "category_id": "CPI_OTHER",
      "contribution": 0.08906842385978064
    },
    {
      "group_id": "Q5",
      "category_id": "CPI_RECREATION",
      "contribution": -0.009484731058705492
    },
    {
      "group_id": "Q5",
      "category_id": "CPI_TRANSPORTATION",
      "contribution": 1.308608038102959
    }
  ],
  "reference_period": "2011-02",
  "parameters": {
    "alpha": 0.5,
    "scale_factor": 2.0,
    "weights_year": 2023
  },
  "metadata": {
    "computed_at": "2025-12-17T14:22:09.508542Z",
    "backfill": true
  }
}