{
  "dmi_by_group": [
    {
      "group_id": "Q1",
      "dmi": 12.192854949010552,
      "inflation": 8.692854949010552,
      "slack": 3.5
    },
    {
      "group_id": "Q2",
      "dmi": 12.311610626179966,
      "inflation": 8.811610626179966,
      "slack": 3.5
    },
    {
      "group_id": "Q3",
      "dmi": 12.381050578331905,
      "inflation": 8.881050578331905,
      "slack": 3.5
    },
    {
      "group_id": "Q4",
      "dmi": 12.418342835303195,
      "inflation": 8.918342835303195,
      "slack": 3.5
    },
    {
      "group_id": "Q5",
      "dmi": 12.218953349856617,
      "inflation": 8.718953349856617,
      "slack": 3.5
    }
  ],
  "summary_metrics": {
    "dmi_median": 12.311610626179966,
    "dmi_stress": 12.418342835303195,
    "dmi_dispersion_q5_q1": 0.026098400846064962
  },
  "contributions": [
    {
      "group_id": "Q1",
      "category_id": "CPI_APPAREL",
      "contribution": 0.12598255839287528
    },
    {
      "group_id": "Q1",
      "category_id": "CPI_EDU_COMM",
      "contribution": 0.007628110201519995
    },
    {
      "group_id": "Q1",
      "category_id": "CPI_FOOD_BEVERAGES",
      "contribution": 3.3183400221650925
    },
    {
      "group_id": "Q1",
      "category_id": "CPI_HOUSING",
      "contribution": 2.699359625612152
    },
    {
      "group_id": "Q1",
      "category_id": "CPI_MEDICAL_CARE",
      "contribution": 0.5181493185332036
    },
    {
      "group_id": "Q1",
      "category_id": "CPI_OTHER",
      "contribution": 0.2932908129282911
    },
    {
      "group_id": "Q1",
      "category_id": "CPI_RECREATION",
      "contribution": 0.16537275199455992
    },
    {
      "group_id": "Q1",
      "category_id": "CPI_TRANSPORTATION",
      "contribution": 1.5647317491828585
    },
    {
      "group_id": "Q2",
      "category_id": "CPI_APPAREL",
      "contribution": 0.11881538767631862
    },
    {
      "group_id": "Q2",
      "category_id": "CPI_EDU_COMM",
      "contribution": 0.006130663225168729
    },
    {
      "group_id": "Q2",
      "category_id": "CPI_FOOD_BEVERAGES",
      "contribution": 3.221403031775673
    },
    {
      "group_id": "Q2",
      "category_id": "CPI_HOUSING",
      "contribution": 2.630364656322654
    },
    {
      "group_id": "Q2",
      "category_id": "CPI_MEDICAL_CARE",
      "contribution": 0.5160373250535696
    },
    {
      "group_id": "Q2",
      "category_id": "CPI_OTHER",
      "contribution": 0.3395863772236479
    },
    {
      "group_id": "Q2",
      "category_id": "CPI_RECREATION",
      "contribution": 0.1675506125980677
    },
    {
      "group_id": "Q2",
      "category_id": "CPI_TRANSPORTATION",
      "contribution": 1.8117225723048653
    },
    {
      "group_id": "Q3",
      "category_id": "CPI_APPAREL",
      "contribution": 0.12318154411282965
    },
    {
      "group_id": "Q3",
      "category_id": "CPI_EDU_COMM",
      "contribution": 0.006900744793290921
    },
    {
      "group_id": "Q3",
      "category_id": "CPI_FOOD_BEVERAGES",
      "contribution": 3.159508932310756
    },
    {
      "group_id": "Q3",
      "category_id": "CPI_HOUSING",
      "contribution": 2.4765097257800557
    },
    {
      "group_id": "Q3",
      "category_id": "CPI_MEDICAL_CARE",
      "contribution": 0.4755558706148028
    },
    {
      "group_id": "Q3",
      "category_id": "CPI_OTHER",
      "contribution": 0.3273589568910892
    },
    {
      "group_id": "Q3",
      "category_id": "CPI_RECREATION",
      "contribution": 0.18109947717614816
    },
    {
      "group_id": "Q3",
      "category_id": "CPI_TRANSPORTATION",
      "contribution": 2.130935326652934
    },
    {
      "group_id": "Q4",
      "category_id": "CPI_APPAREL",
      "contribution": 0.1450734716055638
    },
    {
      "group_id": "Q4",
      "category_id": "CPI_EDU_COMM",
      "contribution": 0.0061106398154951135
    },
    {
      "group_id": "Q4",
      "category_id": "CPI_FOOD_BEVERAGES",
      "contribution": 3.1527299612522195
    },
    {
      "group_id": "Q4",
      "category_id": "CPI_HOUSING",
      "contribution": 2.3934006049200947
    },
    {
      "group_id": "Q4",
      "category_id": "CPI_MEDICAL_CARE",
      "contribution": 0.45460394432576834
    },
    {
      "group_id": "Q4",
      "category_id": "CPI_OTHER",
      "contribution": 0.3312400732871398
    },
    {
      "group_id": "Q4",
      "category_id": "CPI_RECREATION",
      "contribution": 0.20597823076462132
    },
    {
      "group_id": "Q4",
      "category_id": "CPI_TRANSPORTATION",
      "contribution": 2.229205909332292
    },
    {
      "group_id": "Q5",
      "category_id": "CPI_APPAREL",
      "contribution": 0.145304021555243
    },
    {
      "group_id": "Q5",
      "category_id": "CPI_EDU_COMM",
      "contribution": 0.009268800505700083
    },
    {
      "group_id": "Q5",
      "category_id": "CPI_FOOD_BEVERAGES",
      "contribution": 2.8840899375120364
    },
    {
      "group_id": "Q5",
      "category_id": "CPI_HOUSING",
      "contribution": 2.370529923384798
    },
    {
      "group_id": "Q5",
      "category_id": "CPI_MEDICAL_CARE",
      "contribution": 0.3922812047508217
    },
    {
      "group_id": "Q5",
      "category_id": "CPI_OTHER",
      "contribution": 0.31525321454020805
    },
    {
      "group_id": "Q5",
      "category_id": "CPI_RECREATION",
      "contribution": 0.2724790550034733
    },
    {
      "group_id": "Q5",
      "category_id": "CPI_TRANSPORTATION",
      "contribution": 2.3297471926043367
    }
  ],
  "reference_period": "2022-09",
  "parameters": {
    "alpha": 0.5,
    "scale_factor": 2.0,
    "weights_year": 2023
  },
  "metadata": {
    "computed_at": "2025-12-17T14:22:09.887290Z",
    "backfill": true
  }
}