{
  "dmi_by_group": [
    {
      "group_id": "Q1",
      "dmi": 12.5610913925186,
      "inflation": 3.4610913925186004,
      "slack": 9.1
    },
    {
      "group_id": "Q2",
      "dmi": 12.757921901226336,
      "inflation": 3.6579219012263353,
      "slack": 9.1
    },
    {
      "group_id": "Q3",
      "dmi": 13.010237732117893,
      "inflation": 3.910237732117894,
      "slack": 9.1
    },
    {
      "group_id": "Q4",
      "dmi": 13.084799408744388,
      "inflation": 3.9847994087443883,
      "slack": 9.1
    },
    {
      "group_id": "Q5",
      "dmi": 13.072730822193936,
      "inflation": 3.9727308221939373,
      "slack": 9.1
    }
  ],
  "summary_metrics": {
    "dmi_median": 13.010237732117893,
    "dmi_stress": 13.084799408744388,
    "dmi_dispersion_q5_q1": 0.5116394296753359
  },
  "contributions": [
    {
      "group_id": "Q1",
      "category_id": "CPI_APPAREL",
      "contribution": 0.04372252915705322
    },
    {
      "group_id": "Q1",
      "category_id": "CPI_EDU_COMM",
      "contribution": 0.03815133992322198
    },
    {
      "group_id": "Q1",
      "category_id": "CPI_FOOD_BEVERAGES",
      "contribution": 1.1162833226934465
    },
    {
      "group_id": "Q1",
      "category_id": "CPI_HOUSING",
      "contribution": 0.4337421125487003
    },
    {
      "group_id": "Q1",
      "category_id": "CPI_MEDICAL_CARE",
      "contribution": 0.2499020448209815
    },
    {
      "group_id": "Q1",
      "category_id": "CPI_OTHER",
      "contribution": 0.05871297477222178
    },
    {
      "group_id": "Q1",
      "category_id": "CPI_RECREATION",
      "contribution": -0.00526488906120618
    },
    {
      "group_id": "Q1",
      "category_id": "CPI_TRANSPORTATION",
      "contribution": 1.5258419576641815
    },
    {
      "group_id": "Q2",
      "category_id": "CPI_APPAREL",
      "contribution": 0.04125173624351717
    },
    {
      "group_id": "Q2",
      "category_id": "CPI_EDU_COMM",
      "contribution": 0.03067432305193036
    },
    {
      "group_id": "Q2",
      "category_id": "CPI_FOOD_BEVERAGES",
      "contribution": 1.084109886168751
    },
    {
      "group_id": "Q2",
      "category_id": "CPI_HOUSING",
      "contribution": 0.4228258136946313
    },
    {
      "group_id": "Q2",
      "category_id": "CPI_MEDICAL_CARE",
      "contribution": 0.24898356684693662
    },
    {
      "group_id": "Q2",
      "category_id": "CPI_OTHER",
      "contribution": 0.06800808970234318
    },
    {
      "group_id": "Q2",
      "category_id": "CPI_RECREATION",
      "contribution": -0.005336370580463207
    },
    {
      "group_id": "Q2",
      "category_id": "CPI_TRANSPORTATION",
      "contribution": 1.7674048560986892
    },
    {
      "group_id": "Q3",
      "category_id": "CPI_APPAREL",
      "contribution": 0.04280612209910284
    },
    {
      "group_id": "Q3",
      "category_id": "CPI_EDU_COMM",
      "contribution": 0.03455844503087691
    },
    {
      "group_id": "Q3",
      "category_id": "CPI_FOOD_BEVERAGES",
      "contribution": 1.0642374280365916
    },
    {
      "group_id": "Q3",
      "category_id": "CPI_HOUSING",
      "contribution": 0.3984522376138358
    },
    {
      "group_id": "Q3",
      "category_id": "CPI_MEDICAL_CARE",
      "contribution": 0.22965812531469265
    },
    {
      "group_id": "Q3",
      "category_id": "CPI_OTHER",
      "contribution": 0.06561834061626076
    },
    {
      "group_id": "Q3",
      "category_id": "CPI_RECREATION",
      "contribution": -0.005773083738239569
    },
    {
      "group_id": "Q3",
      "category_id": "CPI_TRANSPORTATION",
      "contribution": 2.080680117144773
    },
    {
      "group_id": "Q4",
      "category_id": "CPI_APPAREL",
      "contribution": 0.05042310589933568
    },
    {
      "group_id": "Q4",
      "category_id": "CPI_EDU_COMM",
      "contribution": 0.030607387326408615
    },
    {
      "group_id": "Q4",
      "category_id": "CPI_FOOD_BEVERAGES",
      "contribution": 1.062152956541198
    },
    {
      "group_id": "Q4",
      "category_id": "CPI_HOUSING",
      "contribution": 0.3851527259425669
    },
    {
      "group_id": "Q4",
      "category_id": "CPI_MEDICAL_CARE",
      "contribution": 0.21958102848696923
    },
    {
      "group_id": "Q4",
      "category_id": "CPI_OTHER",
      "contribution": 0.06640873915829269
    },
    {
      "group_id": "Q4",
      "category_id": "CPI_RECREATION",
      "contribution": -0.006567397922334604
    },
    {
      "group_id": "Q4",
      "category_id": "CPI_TRANSPORTATION",
      "contribution": 2.1770408633119516
    },
    {
      "group_id": "Q5",
      "category_id": "CPI_APPAREL",
      "contribution": 0.0505472276449318
    },
    {
      "group_id": "Q5",
      "category_id": "CPI_EDU_COMM",
      "contribution": 0.04646663529806999
    },
    {
      "group_id": "Q5",
      "category_id": "CPI_FOOD_BEVERAGES",
      "contribution": 0.9724946139495845
    },
    {
      "group_id": "Q5",
      "category_id": "CPI_HOUSING",
      "contribution": 0.38180458409980966
    },
    {
      "group_id": "Q5",
      "category_id": "CPI_MEDICAL_CARE",
      "contribution": 0.1896431816591442
    },
    {
      "group_id": "Q5",
      "category_id": "CPI_OTHER",
      "contribution": 0.06325866223673307
    },
    {
      "group_id": "Q5",
      "category_id": "CPI_RECREATION",
      "contribution": -0.00869527354932039
    },
    {
      "group_id": "Q5",
      "category_id": "CPI_TRANSPORTATION",
      "contribution": 2.2772111908549846
    }
  ],
  "reference_period": "2011-06",
  "parameters": {
    "alpha": 0.5,
    "scale_factor": 2.0,
    "weights_year": 2023
  },
  "metadata": {
    "computed_at": "2025-12-17T14:22:09.520025Z",
    "backfill": true
  }
}