{
  "dmi_by_group": [
    {
      "group_id": "Q1",
      "dmi": 11.800505418902976,
      "inflation": 1.6005054189029755,
      "slack": 10.2
    },
    {
      "group_id": "Q2",
      "dmi": 11.631335186447624,
      "inflation": 1.4313351864476243,
      "slack": 10.2
    },
    {
      "group_id": "Q3",
      "dmi": 11.379314145143606,
      "inflation": 1.1793141451436062,
      "slack": 10.2
    },
    {
      "group_id": "Q4",
      "dmi": 11.261622500979808,
      "inflation": 1.0616225009798086,
      "slack": 10.2
    },
    {
      "group_id": "Q5",
      "dmi": 11.103545895949008,
      "inflation": 0.9035458959490095,
      "slack": 10.2
    }
  ],
  "summary_metrics": {
    "dmi_median": 11.379314145143606,
    "dmi_stress": 11.800505418902976,
    "dmi_dispersion_q5_q1": -0.6969595229539678
  },
  "contributions": [
    {
      "group_id": "Q1",
      "category_id": "CPI_APPAREL",
      "contribution": -0.15303455003062513
    },
    {
      "group_id": "Q1",
      "category_id": "CPI_EDU_COMM",
      "contribution": 0.08649896316754625
    },
    {
      "group_id": "Q1",
      "category_id": "CPI_FOOD_BEVERAGES",
      "contribution": 1.2052266960774556
    },
    {
      "group_id": "Q1",
      "category_id": "CPI_HOUSING",
      "contribution": 0.6693819702662273
    },
    {
      "group_id": "Q1",
      "category_id": "CPI_MEDICAL_CARE",
      "contribution": 0.4210286779592119
    },
    {
      "group_id": "Q1",
      "category_id": "CPI_OTHER",
      "contribution": 0.1115755287155345
    },
    {
      "group_id": "Q1",
      "category_id": "CPI_RECREATION",
      "contribution": 0.03905564268146088
    },
    {
      "group_id": "Q1",
      "category_id": "CPI_TRANSPORTATION",
      "contribution": -0.7792275099338356
    },
    {
      "group_id": "Q2",
      "category_id": "CPI_APPAREL",
      "contribution": -0.14412806287565
    },
    {
      "group_id": "Q2",
      "category_id": "CPI_EDU_COMM",
      "contribution": 0.0694221717713211
    },
    {
      "group_id": "Q2",
      "category_id": "CPI_FOOD_BEVERAGES",
      "contribution": 1.1683950644070606
    },
    {
      "group_id": "Q2",
      "category_id": "CPI_HOUSING",
      "contribution": 0.6513673954234754
    },
    {
      "group_id": "Q2",
      "category_id": "CPI_MEDICAL_CARE",
      "contribution": 0.4187305574565835
    },
    {
      "group_id": "Q2",
      "category_id": "CPI_OTHER",
      "contribution": 0.12900826866846915
    },
    {
      "group_id": "Q2",
      "category_id": "CPI_RECREATION",
      "contribution": 0.03951506021196672
    },
    {
      "group_id": "Q2",
      "category_id": "CPI_TRANSPORTATION",
      "contribution": -0.9009752686156018
    },
    {
      "group_id": "Q3",
      "category_id": "CPI_APPAREL",
      "contribution": -0.1491899752856485
    },
    {
      "group_id": "Q3",
      "category_id": "CPI_EDU_COMM",
      "contribution": 0.07801980139832024
    },
    {
      "group_id": "Q3",
      "category_id": "CPI_FOOD_BEVERAGES",
      "contribution": 1.1441484488556113
    },
    {
      "group_id": "Q3",
      "category_id": "CPI_HOUSING",
      "contribution": 0.6123056000040761
    },
    {
      "group_id": "Q3",
      "category_id": "CPI_MEDICAL_CARE",
      "contribution": 0.38527712567640554
    },
    {
      "group_id": "Q3",
      "category_id": "CPI_OTHER",
      "contribution": 0.12416799065430904
    },
    {
      "group_id": "Q3",
      "category_id": "CPI_RECREATION",
      "contribution": 0.04264341358912598
    },
    {
      "group_id": "Q3",
      "category_id": "CPI_TRANSPORTATION",
      "contribution": -1.0580582597485932
    },
    {
      "group_id": "Q4",
      "category_id": "CPI_APPAREL",
      "contribution": -0.17557124251001338
    },
    {
      "group_id": "Q4",
      "category_id": "CPI_EDU_COMM",
      "contribution": 0.06903462023781337
    },
    {
      "group_id": "Q4",
      "category_id": "CPI_FOOD_BEVERAGES",
      "contribution": 1.140830026446208
    },
    {
      "group_id": "Q4",
      "category_id": "CPI_HOUSING",
      "contribution": 0.5913096553606939
    },
    {
      "group_id": "Q4",
      "category_id": "CPI_MEDICAL_CARE",
      "contribution": 0.368024098918362
    },
    {
      "group_id": "Q4",
      "category_id": "CPI_OTHER",
      "contribution": 0.12554507418866048
    },
    {
      "group_id": "Q4",
      "category_id": "CPI_RECREATION",
      "contribution": 0.04846491663532718
    },
    {
      "group_id": "Q4",
      "category_id": "CPI_TRANSPORTATION",
      "contribution": -1.1060146482972428
    },
    {
      "group_id": "Q5",
      "category_id": "CPI_APPAREL",
      "contribution": -0.17587577531031406
    },
    {
      "group_id": "Q5",
      "category_id": "CPI_EDU_COMM",
      "contribution": 0.10472896251292588
    },
    {
      "group_id": "Q5",
      "category_id": "CPI_FOOD_BEVERAGES",
      "contribution": 1.0437728121456766
    },
    {
      "group_id": "Q5",
      "category_id": "CPI_HOUSING",
      "contribution": 0.5857442414918079
    },
    {
      "group_id": "Q5",
      "category_id": "CPI_MEDICAL_CARE",
      "contribution": 0.31761687664779625
    },
    {
      "group_id": "Q5",
      "category_id": "CPI_OTHER",
      "contribution": 0.11950314668744787
    },
    {
      "group_id": "Q5",
      "category_id": "CPI_RECREATION",
      "contribution": 0.06412129469615026
    },
    {
      "group_id": "Q5",
      "category_id": "CPI_TRANSPORTATION",
      "contribution": -1.1560656629224813
    }
  ],
  "reference_period": "2020-07",
  "parameters": {
    "alpha": 0.5,
    "scale_factor": 2.0,
    "weights_year": 2023
  },
  "metadata": {
    "computed_at": "2025-12-17T14:22:09.817450Z",
    "backfill": true
  }
}