{
  "dmi_by_group": [
    {
      "group_id": "Q1",
      "dmi": 9.866866368299927,
      "inflation": 5.166866368299927,
      "slack": 4.7
    },
    {
      "group_id": "Q2",
      "dmi": 10.118446313505254,
      "inflation": 5.418446313505254,
      "slack": 4.7
    },
    {
      "group_id": "Q3",
      "dmi": 10.443566810888147,
      "inflation": 5.7435668108881455,
      "slack": 4.7
    },
    {
      "group_id": "Q4",
      "dmi": 10.556033394049432,
      "inflation": 5.856033394049431,
      "slack": 4.7
    },
    {
      "group_id": "Q5",
      "dmi": 10.639174221752054,
      "inflation": 5.939174221752053,
      "slack": 4.7
    }
  ],
  "summary_metrics": {
    "dmi_median": 10.443566810888147,
    "dmi_stress": 10.639174221752054,
    "dmi_dispersion_q5_q1": 0.7723078534521264
  },
  "contributions": [
    {
      "group_id": "Q1",
      "category_id": "CPI_APPAREL",
      "contribution": 0.07782073984200412
    },
    {
      "group_id": "Q1",
      "category_id": "CPI_EDU_COMM",
      "contribution": 0.0654777609548445
    },
    {
      "group_id": "Q1",
      "category_id": "CPI_FOOD_BEVERAGES",
      "contribution": 1.3927601338254152
    },
    {
      "group_id": "Q1",
      "category_id": "CPI_HOUSING",
      "contribution": 1.3125413496330531
    },
    {
      "group_id": "Q1",
      "category_id": "CPI_MEDICAL_CARE",
      "contribution": 0.038224338161816106
    },
    {
      "group_id": "Q1",
      "category_id": "CPI_OTHER",
      "contribution": 0.14568120490054678
    },
    {
      "group_id": "Q1",
      "category_id": "CPI_RECREATION",
      "contribution": 0.13947149388906402
    },
    {
      "group_id": "Q1",
      "category_id": "CPI_TRANSPORTATION",
      "contribution": 1.994889347093183
    },
    {
      "group_id": "Q2",
      "category_id": "CPI_APPAREL",
      "contribution": 0.07344132146204009
    },
    {
      "group_id": "Q2",
      "category_id": "CPI_EDU_COMM",
      "contribution": 0.05265834224352616
    },
    {
      "group_id": "Q2",
      "category_id": "CPI_FOOD_BEVERAGES",
      "contribution": 1.3529550457858222
    },
    {
      "group_id": "Q2",
      "category_id": "CPI_HOUSING",
      "contribution": 1.279826410902471
    },
    {
      "group_id": "Q2",
      "category_id": "CPI_MEDICAL_CARE",
      "contribution": 0.03809333711559067
    },
    {
      "group_id": "Q2",
      "category_id": "CPI_OTHER",
      "contribution": 0.16878668625032928
    },
    {
      "group_id": "Q2",
      "category_id": "CPI_RECREATION",
      "contribution": 0.14140031620650126
    },
    {
      "group_id": "Q2",
      "category_id": "CPI_TRANSPORTATION",
      "contribution": 2.3112848535389725
    },
    {
      "group_id": "Q3",
      "category_id": "CPI_APPAREL",
      "contribution": 0.07623381823806523
    },
    {
      "group_id": "Q3",
      "category_id": "CPI_EDU_COMM",
      "contribution": 0.059345791261067135
    },
    {
      "group_id": "Q3",
      "category_id": "CPI_FOOD_BEVERAGES",
      "contribution": 1.3285935090200178
    },
    {
      "group_id": "Q3",
      "category_id": "CPI_HOUSING",
      "contribution": 1.2064501476331146
    },
    {
      "group_id": "Q3",
      "category_id": "CPI_MEDICAL_CARE",
      "contribution": 0.0351482484239979
    },
    {
      "group_id": "Q3",
      "category_id": "CPI_OTHER",
      "contribution": 0.1629094923713852
    },
    {
      "group_id": "Q3",
      "category_id": "CPI_RECREATION",
      "contribution": 0.15302267596595615
    },
    {
      "group_id": "Q3",
      "category_id": "CPI_TRANSPORTATION",
      "contribution": 2.721863127974542
    },
    {
      "group_id": "Q4",
      "category_id": "CPI_APPAREL",
      "contribution": 0.08981473936594045
    },
    {
      "group_id": "Q4",
      "category_id": "CPI_EDU_COMM",
      "contribution": 0.0525700300581712
    },
    {
      "group_id": "Q4",
      "category_id": "CPI_FOOD_BEVERAGES",
      "contribution": 1.3262240351865897
    },
    {
      "group_id": "Q4",
      "category_id": "CPI_HOUSING",
      "contribution": 1.1663860612879124
    },
    {
      "group_id": "Q4",
      "category_id": "CPI_MEDICAL_CARE",
      "contribution": 0.03361188903194867
    },
    {
      "group_id": "Q4",
      "category_id": "CPI_OTHER",
      "contribution": 0.16490074428556697
    },
    {
      "group_id": "Q4",
      "category_id": "CPI_RECREATION",
      "contribution": 0.17410750855158982
    },
    {
      "group_id": "Q4",
      "category_id": "CPI_TRANSPORTATION",
      "contribution": 2.8484183862817125
    },
    {
      "group_id": "Q5",
      "category_id": "CPI_APPAREL",
      "contribution": 0.09007677750941176
    },
    {
      "group_id": "Q5",
      "category_id": "CPI_EDU_COMM",
      "contribution": 0.07984554160792898
    },
    {
      "group_id": "Q5",
      "category_id": "CPI_FOOD_BEVERAGES",
      "contribution": 1.2148272249548773
    },
    {
      "group_id": "Q5",
      "category_id": "CPI_HOUSING",
      "contribution": 1.1567725193891656
    },
    {
      "group_id": "Q5",
      "category_id": "CPI_MEDICAL_CARE",
      "contribution": 0.029042421115878802
    },
    {
      "group_id": "Q5",
      "category_id": "CPI_OTHER",
      "contribution": 0.15715017315587693
    },
    {
      "group_id": "Q5",
      "category_id": "CPI_RECREATION",
      "contribution": 0.23062421129557995
    },
    {
      "group_id": "Q5",
      "category_id": "CPI_TRANSPORTATION",
      "contribution": 2.980835352723333
    }
  ],
  "reference_period": "2021-09",
  "parameters": {
    "alpha": 0.5,
    "scale_factor": 2.0,
    "weights_year": 2023
  },
  "metadata": {
    "computed_at": "2025-12-17T14:22:09.855163Z",
    "backfill": true
  }
}