{
  "dmi_by_group": [
    {
      "group_id": "Q1",
      "dmi": 10.656063331967564,
      "inflation": 4.756063331967564,
      "slack": 5.9
    },
    {
      "group_id": "Q2",
      "dmi": 11.007989086931486,
      "inflation": 5.107989086931486,
      "slack": 5.9
    },
    {
      "group_id": "Q3",
      "dmi": 11.472355621217451,
      "inflation": 5.572355621217451,
      "slack": 5.9
    },
    {
      "group_id": "Q4",
      "dmi": 11.625676675215974,
      "inflation": 5.725676675215974,
      "slack": 5.9
    },
    {
      "group_id": "Q5",
      "dmi": 11.790558339869579,
      "inflation": 5.890558339869578,
      "slack": 5.9
    }
  ],
  "summary_metrics": {
    "dmi_median": 11.472355621217451,
    "dmi_stress": 11.790558339869579,
    "dmi_dispersion_q5_q1": 1.1344950079020144
  },
  "contributions": [
    {
      "group_id": "Q1",
      "category_id": "CPI_APPAREL",
      "contribution": 0.11066865552756373
    },
    {
      "group_id": "Q1",
      "category_id": "CPI_EDU_COMM",
      "contribution": 0.07920185537779036
    },
    {
      "group_id": "Q1",
      "category_id": "CPI_FOOD_BEVERAGES",
      "contribution": 0.7398752969460789
    },
    {
      "group_id": "Q1",
      "category_id": "CPI_HOUSING",
      "contribution": 1.0608208850252707
    },
    {
      "group_id": "Q1",
      "category_id": "CPI_MEDICAL_CARE",
      "contribution": 0.03769634175678054
    },
    {
      "group_id": "Q1",
      "category_id": "CPI_OTHER",
      "contribution": 0.10682061980889748
    },
    {
      "group_id": "Q1",
      "category_id": "CPI_RECREATION",
      "contribution": 0.09491160482823344
    },
    {
      "group_id": "Q1",
      "category_id": "CPI_TRANSPORTATION",
      "contribution": 2.526068072696949
    },
    {
      "group_id": "Q2",
      "category_id": "CPI_APPAREL",
      "contribution": 0.10449140891025689
    },
    {
      "group_id": "Q2",
      "category_id": "CPI_EDU_COMM",
      "contribution": 0.0637264229949528
    },
    {
      "group_id": "Q2",
      "category_id": "CPI_FOOD_BEVERAGES",
      "contribution": 0.7190786436884371
    },
    {
      "group_id": "Q2",
      "category_id": "CPI_HOUSING",
      "contribution": 1.034882300205144
    },
    {
      "group_id": "Q2",
      "category_id": "CPI_MEDICAL_CARE",
      "contribution": 0.03758539125023121
    },
    {
      "group_id": "Q2",
      "category_id": "CPI_OTHER",
      "contribution": 0.12382278829064468
    },
    {
      "group_id": "Q2",
      "category_id": "CPI_RECREATION",
      "contribution": 0.0962709081175086
    },
    {
      "group_id": "Q2",
      "category_id": "CPI_TRANSPORTATION",
      "contribution": 2.9281312234743107
    },
    {
      "group_id": "Q3",
      "category_id": "CPI_APPAREL",
      "contribution": 0.10853719464176648
    },
    {
      "group_id": "Q3",
      "category_id": "CPI_EDU_COMM",
      "contribution": 0.071867593284276
    },
    {
      "group_id": "Q3",
      "category_id": "CPI_FOOD_BEVERAGES",
      "contribution": 0.7066037985582048
    },
    {
      "group_id": "Q3",
      "category_id": "CPI_HOUSING",
      "contribution": 0.9762028909773132
    },
    {
      "group_id": "Q3",
      "category_id": "CPI_MEDICAL_CARE",
      "contribution": 0.03470280342434167
    },
    {
      "group_id": "Q3",
      "category_id": "CPI_OTHER",
      "contribution": 0.11959130375711846
    },
    {
      "group_id": "Q3",
      "category_id": "CPI_RECREATION",
      "contribution": 0.1042536569297284
    },
    {
      "group_id": "Q3",
      "category_id": "CPI_TRANSPORTATION",
      "contribution": 3.450596379644702
    },
    {
      "group_id": "Q4",
      "category_id": "CPI_APPAREL",
      "contribution": 0.1278979405170255
    },
    {
      "group_id": "Q4",
      "category_id": "CPI_EDU_COMM",
      "contribution": 0.06367462845245066
    },
    {
      "group_id": "Q4",
      "category_id": "CPI_FOOD_BEVERAGES",
      "contribution": 0.7054817009172857
    },
    {
      "group_id": "Q4",
      "category_id": "CPI_HOUSING",
      "contribution": 0.9439696842568129
    },
    {
      "group_id": "Q4",
      "category_id": "CPI_MEDICAL_CARE",
      "contribution": 0.03319241191678054
    },
    {
      "group_id": "Q4",
      "category_id": "CPI_OTHER",
      "contribution": 0.12107677467695055
    },
    {
      "group_id": "Q4",
      "category_id": "CPI_RECREATION",
      "contribution": 0.11864188105235392
    },
    {
      "group_id": "Q4",
      "category_id": "CPI_TRANSPORTATION",
      "contribution": 3.611741653426314
    },
    {
      "group_id": "Q5",
      "category_id": "CPI_APPAREL",
      "contribution": 0.12832114697794986
    },
    {
      "group_id": "Q5",
      "category_id": "CPI_EDU_COMM",
      "contribution": 0.09674940879489316
    },
    {
      "group_id": "Q5",
      "category_id": "CPI_FOOD_BEVERAGES",
      "contribution": 0.6464766297092797
    },
    {
      "group_id": "Q5",
      "category_id": "CPI_HOUSING",
      "contribution": 0.9365546909359237
    },
    {
      "group_id": "Q5",
      "category_id": "CPI_MEDICAL_CARE",
      "contribution": 0.028691163697317917
    },
    {
      "group_id": "Q5",
      "category_id": "CPI_OTHER",
      "contribution": 0.11543102337852461
    },
    {
      "group_id": "Q5",
      "category_id": "CPI_RECREATION",
      "contribution": 0.1572153242360923
    },
    {
      "group_id": "Q5",
      "category_id": "CPI_TRANSPORTATION",
      "contribution": 3.781118952139597
    }
  ],
  "reference_period": "2021-06",
  "parameters": {
    "alpha": 0.5,
    "scale_factor": 2.0,
    "weights_year": 2023
  },
  "metadata": {
    "computed_at": "2025-12-17T14:22:09.847230Z",
    "backfill": true
  }
}