{
  "weights_year": 2023,
  "grouping": "quintile",
  "rows": [
    {
      "group_id": "Q1",
      "category_id": "CPI_APPAREL",
      "weight": 0.022727272727272728
    },
    {
      "group_id": "Q1",
      "category_id": "CPI_EDU_COMM",
      "weight": 0.03733766233766234
    },
    {
      "group_id": "Q1",
      "category_id": "CPI_FOOD_BEVERAGES",
      "weight": 0.31087662337662336
    },
    {
      "group_id": "Q1",
      "category_id": "CPI_HOUSING",
      "weight": 0.33522727272727276
    },
    {
      "group_id": "Q1",
      "category_id": "CPI_MEDICAL_CARE",
      "weight": 0.08522727272727273
    },
    {
      "group_id": "Q1",
      "category_id": "CPI_OTHER",
      "weight": 0.042207792207792215
    },
    {
      "group_id": "Q1",
      "category_id": "CPI_RECREATION",
      "weight": 0.03977272727272727
    },
    {
      "group_id": "Q1",
      "category_id": "CPI_TRANSPORTATION",
      "weight": 0.12662337662337664
    },
    {
      "group_id": "Q2",
      "category_id": "CPI_APPAREL",
      "weight": 0.021422450728363324
    },
    {
      "group_id": "Q2",
      "category_id": "CPI_EDU_COMM",
      "weight": 0.029991431019708654
    },
    {
      "group_id": "Q2",
      "category_id": "CPI_FOOD_BEVERAGES",
      "weight": 0.3016281062553556
    },
    {
      "group_id": "Q2",
      "category_id": "CPI_HOUSING",
      "weight": 0.326478149100257
    },
    {
      "group_id": "Q2",
      "category_id": "CPI_MEDICAL_CARE",
      "weight": 0.08483290488431876
    },
    {
      "group_id": "Q2",
      "category_id": "CPI_OTHER",
      "weight": 0.04884318766066837
    },
    {
      "group_id": "Q2",
      "category_id": "CPI_RECREATION",
      "weight": 0.04027420736932304
    },
    {
      "group_id": "Q2",
      "category_id": "CPI_TRANSPORTATION",
      "weight": 0.14652956298200512
    },
    {
      "group_id": "Q3",
      "category_id": "CPI_APPAREL",
      "weight": 0.022202486678507997
    },
    {
      "group_id": "Q3",
      "category_id": "CPI_EDU_COMM",
      "weight": 0.03374777975133216
    },
    {
      "group_id": "Q3",
      "category_id": "CPI_FOOD_BEVERAGES",
      "weight": 0.2957371225577265
    },
    {
      "group_id": "Q3",
      "category_id": "CPI_HOUSING",
      "weight": 0.3072824156305507
    },
    {
      "group_id": "Q3",
      "category_id": "CPI_MEDICAL_CARE",
      "weight": 0.07815275310834816
    },
    {
      "group_id": "Q3",
      "category_id": "CPI_OTHER",
      "weight": 0.04706927175843695
    },
    {
      "group_id": "Q3",
      "category_id": "CPI_RECREATION",
      "weight": 0.04351687388987567
    },
    {
      "group_id": "Q3",
      "category_id": "CPI_TRANSPORTATION",
      "weight": 0.17229129662522202
    },
    {
      "group_id": "Q4",
      "category_id": "CPI_APPAREL",
      "weight": 0.0261437908496732
    },
    {
      "group_id": "Q4",
      "category_id": "CPI_EDU_COMM",
      "weight": 0.029878618113912233
    },
    {
      "group_id": "Q4",
      "category_id": "CPI_FOOD_BEVERAGES",
      "weight": 0.2950513538748833
    },
    {
      "group_id": "Q4",
      "category_id": "CPI_HOUSING",
      "weight": 0.2969187675070028
    },
    {
      "group_id": "Q4",
      "category_id": "CPI_MEDICAL_CARE",
      "weight": 0.07469654528478058
    },
    {
      "group_id": "Q4",
      "category_id": "CPI_OTHER",
      "weight": 0.047619047619047616
    },
    {
      "group_id": "Q4",
      "category_id": "CPI_RECREATION",
      "weight": 0.04948646125116714
    },
    {
      "group_id": "Q4",
      "category_id": "CPI_TRANSPORTATION",
      "weight": 0.18020541549953314
    },
    {
      "group_id": "Q5",
      "category_id": "CPI_APPAREL",
      "weight": 0.02620967741935484
    },
    {
      "group_id": "Q5",
      "category_id": "CPI_EDU_COMM",
      "weight": 0.04536290322580645
    },
    {
      "group_id": "Q5",
      "category_id": "CPI_FOOD_BEVERAGES",
      "weight": 0.2701612903225807
    },
    {
      "group_id": "Q5",
      "category_id": "CPI_HOUSING",
      "weight": 0.2943548387096774
    },
    {
      "group_id": "Q5",
      "category_id": "CPI_MEDICAL_CARE",
      "weight": 0.06451612903225806
    },
    {
      "group_id": "Q5",
      "category_id": "CPI_OTHER",
      "weight": 0.04536290322580645
    },
    {
      "group_id": "Q5",
      "category_id": "CPI_RECREATION",
      "weight": 0.0655241935483871
    },
    {
      "group_id": "Q5",
      "category_id": "CPI_TRANSPORTATION",
      "weight": 0.18850806451612903
    }
  ],
  "excluded_share": 6.042000000000001,
  "metadata": {
    "source_file": "data/raw/ce_quintile_2023.xlsx",
    "source_checksum": "ae0b61ad8e61b3b39466dad03d4e62fb39c13b155d9743a9adc1e15a5e791647",
    "created_at": "2025-12-16"
  }
}