{
  "dmi_by_group": [
    {
      "group_id": "Q1",
      "dmi": 10.807057782561394,
      "inflation": 1.7070577825613942,
      "slack": 9.1
    },
    {
      "group_id": "Q2",
      "dmi": 10.895693231381777,
      "inflation": 1.7956932313817786,
      "slack": 9.1
    },
    {
      "group_id": "Q3",
      "dmi": 10.995917306723893,
      "inflation": 1.8959173067238932,
      "slack": 9.1
    },
    {
      "group_id": "Q4",
      "dmi": 11.015654936461864,
      "inflation": 1.9156549364618636,
      "slack": 9.1
    },
    {
      "group_id": "Q5",
      "dmi": 10.989712889059437,
      "inflation": 1.8897128890594361,
      "slack": 9.1
    }
  ],
  "summary_metrics": {
    "dmi_median": 10.989712889059437,
    "dmi_stress": 11.015654936461864,
    "dmi_dispersion_q5_q1": 0.18265510649804284
  },
  "contributions": [
    {
      "group_id": "Q1",
      "category_id": "CPI_APPAREL",
      "contribution": -0.0002750382965077295
    },
    {
      "group_id": "Q1",
      "category_id": "CPI_EDU_COMM",
      "contribution": 0.046189711615581046
    },
    {
      "group_id": "Q1",
      "category_id": "CPI_FOOD_BEVERAGES",
      "contribution": 0.5580553078205492
    },
    {
      "group_id": "Q1",
      "category_id": "CPI_HOUSING",
      "contribution": 0.12721087087828847
    },
    {
      "group_id": "Q1",
      "category_id": "CPI_MEDICAL_CARE",
      "contribution": 0.24728926195342854
    },
    {
      "group_id": "Q1",
      "category_id": "CPI_OTHER",
      "contribution": 0.07858758996123003
    },
    {
      "group_id": "Q1",
      "category_id": "CPI_RECREATION",
      "contribution": -0.023859324836848335
    },
    {
      "group_id": "Q1",
      "category_id": "CPI_TRANSPORTATION",
      "contribution": 0.6738594034656726
    },
    {
      "group_id": "Q2",
      "category_id": "CPI_APPAREL",
      "contribution": -0.00025936101825307825
    },
    {
      "group_id": "Q2",
      "category_id": "CPI_EDU_COMM",
      "contribution": 0.03711803860788665
    },
    {
      "group_id": "Q2",
      "category_id": "CPI_FOOD_BEVERAGES",
      "contribution": 0.5416898380691999
    },
    {
      "group_id": "Q2",
      "category_id": "CPI_HOUSING",
      "contribution": 0.12394491259254482
    },
    {
      "group_id": "Q2",
      "category_id": "CPI_MEDICAL_CARE",
      "contribution": 0.24625253483292445
    },
    {
      "group_id": "Q2",
      "category_id": "CPI_OTHER",
      "contribution": 0.09098190758460764
    },
    {
      "group_id": "Q2",
      "category_id": "CPI_RECREATION",
      "contribution": -0.024170714224390148
    },
    {
      "group_id": "Q2",
      "category_id": "CPI_TRANSPORTATION",
      "contribution": 0.7801360749372582
    },
    {
      "group_id": "Q3",
      "category_id": "CPI_APPAREL",
      "contribution": -0.0002689375901470581
    },
    {
      "group_id": "Q3",
      "category_id": "CPI_EDU_COMM",
      "contribution": 0.04178759509089212
    },
    {
      "group_id": "Q3",
      "category_id": "CPI_FOOD_BEVERAGES",
      "contribution": 0.5313724880114937
    },
    {
      "group_id": "Q3",
      "category_id": "CPI_HOUSING",
      "contribution": 0.11671498944867414
    },
    {
      "group_id": "Q3",
      "category_id": "CPI_MEDICAL_CARE",
      "contribution": 0.22697341586004652
    },
    {
      "group_id": "Q3",
      "category_id": "CPI_OTHER",
      "contribution": 0.08772085553385928
    },
    {
      "group_id": "Q3",
      "category_id": "CPI_RECREATION",
      "contribution": -0.02612970533307099
    },
    {
      "group_id": "Q3",
      "category_id": "CPI_TRANSPORTATION",
      "contribution": 0.9177466057021454
    },
    {
      "group_id": "Q4",
      "category_id": "CPI_APPAREL",
      "contribution": -0.00031670917273175997
    },
    {
      "group_id": "Q4",
      "category_id": "CPI_EDU_COMM",
      "contribution": 0.03700026800121569
    },
    {
      "group_id": "Q4",
      "category_id": "CPI_FOOD_BEVERAGES",
      "contribution": 0.5301918215041147
    },
    {
      "group_id": "Q4",
      "category_id": "CPI_HOUSING",
      "contribution": 0.11278952469266743
    },
    {
      "group_id": "Q4",
      "category_id": "CPI_MEDICAL_CARE",
      "contribution": 0.2169568759749356
    },
    {
      "group_id": "Q4",
      "category_id": "CPI_OTHER",
      "contribution": 0.08875406953122303
    },
    {
      "group_id": "Q4",
      "category_id": "CPI_RECREATION",
      "contribution": -0.02971703063285382
    },
    {
      "group_id": "Q4",
      "category_id": "CPI_TRANSPORTATION",
      "contribution": 0.9599961165632929
    },
    {
      "group_id": "Q5",
      "category_id": "CPI_APPAREL",
      "contribution": -0.00031746679157866294
    },
    {
      "group_id": "Q5",
      "category_id": "CPI_EDU_COMM",
      "contribution": 0.0561681021199861
    },
    {
      "group_id": "Q5",
      "category_id": "CPI_FOOD_BEVERAGES",
      "contribution": 0.4854036973201495
    },
    {
      "group_id": "Q5",
      "category_id": "CPI_HOUSING",
      "contribution": 0.11180129714292246
    },
    {
      "group_id": "Q5",
      "category_id": "CPI_MEDICAL_CARE",
      "contribution": 0.18736382768531992
    },
    {
      "group_id": "Q5",
      "category_id": "CPI_OTHER",
      "contribution": 0.08453819238927167
    },
    {
      "group_id": "Q5",
      "category_id": "CPI_RECREATION",
      "contribution": -0.039342798030904534
    },
    {
      "group_id": "Q5",
      "category_id": "CPI_TRANSPORTATION",
      "contribution": 1.0040980372242696
    }
  ],
  "reference_period": "2011-01",
  "parameters": {
    "alpha": 0.5,
    "scale_factor": 2.0,
    "weights_year": 2023
  },
  "metadata": {
    "computed_at": "2025-12-17T14:22:09.505103Z",
    "backfill": true
  }
}