{
  "dmi_by_group": [
    {
      "group_id": "Q1",
      "dmi": 8.881331762674765,
      "inflation": 2.781331762674766,
      "slack": 6.1
    },
    {
      "group_id": "Q2",
      "dmi": 8.95531314450571,
      "inflation": 2.855313144505711,
      "slack": 6.1
    },
    {
      "group_id": "Q3",
      "dmi": 9.0350127002977,
      "inflation": 2.935012700297701,
      "slack": 6.1
    },
    {
      "group_id": "Q4",
      "dmi": 9.041941325076657,
      "inflation": 2.941941325076658,
      "slack": 6.1
    },
    {
      "group_id": "Q5",
      "dmi": 9.017369515204116,
      "inflation": 2.9173695152041157,
      "slack": 6.1
    }
  ],
  "summary_metrics": {
    "dmi_median": 9.017369515204116,
    "dmi_stress": 9.041941325076657,
    "dmi_dispersion_q5_q1": 0.1360377525293508
  },
  "contributions": [
    {
      "group_id": "Q1",
      "category_id": "CPI_APPAREL",
      "contribution": -0.057833642207405604
    },
    {
      "group_id": "Q1",
      "category_id": "CPI_EDU_COMM",
      "contribution": 0.05641413021860384
    },
    {
      "group_id": "Q1",
      "category_id": "CPI_FOOD_BEVERAGES",
      "contribution": 1.0417244577287288
    },
    {
      "group_id": "Q1",
      "category_id": "CPI_HOUSING",
      "contribution": 0.7160930802286636
    },
    {
      "group_id": "Q1",
      "category_id": "CPI_MEDICAL_CARE",
      "contribution": 0.15164873811604357
    },
    {
      "group_id": "Q1",
      "category_id": "CPI_OTHER",
      "contribution": 0.10181500538751108
    },
    {
      "group_id": "Q1",
      "category_id": "CPI_RECREATION",
      "contribution": 0.04271326178630718
    },
    {
      "group_id": "Q1",
      "category_id": "CPI_TRANSPORTATION",
      "contribution": 0.7287567314163128
    },
    {
      "group_id": "Q2",
      "category_id": "CPI_APPAREL",
      "contribution": -0.0545329939452755
    },
    {
      "group_id": "Q2",
      "category_id": "CPI_EDU_COMM",
      "contribution": 0.04533096140454396
    },
    {
      "group_id": "Q2",
      "category_id": "CPI_FOOD_BEVERAGES",
      "contribution": 1.0110987437366594
    },
    {
      "group_id": "Q2",
      "category_id": "CPI_HOUSING",
      "contribution": 0.6976558201570772
    },
    {
      "group_id": "Q2",
      "category_id": "CPI_MEDICAL_CARE",
      "contribution": 0.1510015888391014
    },
    {
      "group_id": "Q2",
      "category_id": "CPI_OTHER",
      "contribution": 0.11786371377816494
    },
    {
      "group_id": "Q2",
      "category_id": "CPI_RECREATION",
      "contribution": 0.04326745353491053
    },
    {
      "group_id": "Q2",
      "category_id": "CPI_TRANSPORTATION",
      "contribution": 0.8436278570005296
    },
    {
      "group_id": "Q3",
      "category_id": "CPI_APPAREL",
      "contribution": -0.05654065082159905
    },
    {
      "group_id": "Q3",
      "category_id": "CPI_EDU_COMM",
      "contribution": 0.05102839910859018
    },
    {
      "group_id": "Q3",
      "category_id": "CPI_FOOD_BEVERAGES",
      "contribution": 0.9917371962381862
    },
    {
      "group_id": "Q3",
      "category_id": "CPI_HOUSING",
      "contribution": 0.6568917479989259
    },
    {
      "group_id": "Q3",
      "category_id": "CPI_MEDICAL_CARE",
      "contribution": 0.13916513843386488
    },
    {
      "group_id": "Q3",
      "category_id": "CPI_OTHER",
      "contribution": 0.11362727630048436
    },
    {
      "group_id": "Q3",
      "category_id": "CPI_RECREATION",
      "contribution": 0.04676931611576984
    },
    {
      "group_id": "Q3",
      "category_id": "CPI_TRANSPORTATION",
      "contribution": 0.9923342769234793
    },
    {
      "group_id": "Q4",
      "category_id": "CPI_APPAREL",
      "contribution": -0.06657979167642701
    },
    {
      "group_id": "Q4",
      "category_id": "CPI_EDU_COMM",
      "contribution": 0.04517955316934298
    },
    {
      "group_id": "Q4",
      "category_id": "CPI_FOOD_BEVERAGES",
      "contribution": 0.989470970970447
    },
    {
      "group_id": "Q4",
      "category_id": "CPI_HOUSING",
      "contribution": 0.6347583659453985
    },
    {
      "group_id": "Q4",
      "category_id": "CPI_MEDICAL_CARE",
      "contribution": 0.13301523218119582
    },
    {
      "group_id": "Q4",
      "category_id": "CPI_OTHER",
      "contribution": 0.11495834666217072
    },
    {
      "group_id": "Q4",
      "category_id": "CPI_RECREATION",
      "contribution": 0.05318686778267338
    },
    {
      "group_id": "Q4",
      "category_id": "CPI_TRANSPORTATION",
      "contribution": 1.0379517800418565
    },
    {
      "group_id": "Q5",
      "category_id": "CPI_APPAREL",
      "contribution": -0.06673957849298669
    },
    {
      "group_id": "Q5",
      "category_id": "CPI_EDU_COMM",
      "contribution": 0.06858516341076741
    },
    {
      "group_id": "Q5",
      "category_id": "CPI_FOOD_BEVERAGES",
      "contribution": 0.9058921154162991
    },
    {
      "group_id": "Q5",
      "category_id": "CPI_HOUSING",
      "contribution": 0.6292016832923639
    },
    {
      "group_id": "Q5",
      "category_id": "CPI_MEDICAL_CARE",
      "contribution": 0.11487276500573552
    },
    {
      "group_id": "Q5",
      "category_id": "CPI_OTHER",
      "contribution": 0.10949859777190225
    },
    {
      "group_id": "Q5",
      "category_id": "CPI_RECREATION",
      "contribution": 0.07041539389961578
    },
    {
      "group_id": "Q5",
      "category_id": "CPI_TRANSPORTATION",
      "contribution": 1.0856433749004182
    }
  ],
  "reference_period": "2021-03",
  "parameters": {
    "alpha": 0.5,
    "scale_factor": 2.0,
    "weights_year": 2023
  },
  "metadata": {
    "computed_at": "2025-12-17T14:22:09.839035Z",
    "backfill": true
  }
}