{
  "dmi_by_group": [
    {
      "group_id": "Q1",
      "dmi": 5.851208255017855,
      "inflation": 0.4512082550178542,
      "slack": 5.4
    },
    {
      "group_id": "Q2",
      "dmi": 5.637717585444686,
      "inflation": 0.23771758544468558,
      "slack": 5.4
    },
    {
      "group_id": "Q3",
      "dmi": 5.334563652059328,
      "inflation": -0.06543634794067277,
      "slack": 5.4
    },
    {
      "group_id": "Q4",
      "dmi": 5.230606968889335,
      "inflation": -0.16939303111066506,
      "slack": 5.4
    },
    {
      "group_id": "Q5",
      "dmi": 5.072350745640703,
      "inflation": -0.3276492543592968,
      "slack": 5.4
    }
  ],
  "summary_metrics": {
    "dmi_median": 5.334563652059328,
    "dmi_stress": 5.851208255017855,
    "dmi_dispersion_q5_q1": -0.7788575093771515
  },
  "contributions": [
    {
      "group_id": "Q1",
      "category_id": "CPI_APPAREL",
      "contribution": -0.011392245353834828
    },
    {
      "group_id": "Q1",
      "category_id": "CPI_EDU_COMM",
      "contribution": 0.01196130846629098
    },
    {
      "group_id": "Q1",
      "category_id": "CPI_FOOD_BEVERAGES",
      "contribution": 0.7006243141828591
    },
    {
      "group_id": "Q1",
      "category_id": "CPI_HOUSING",
      "contribution": 0.6408505181576846
    },
    {
      "group_id": "Q1",
      "category_id": "CPI_MEDICAL_CARE",
      "contribution": 0.20739871930269116
    },
    {
      "group_id": "Q1",
      "category_id": "CPI_OTHER",
      "contribution": 0.05874147504378127
    },
    {
      "group_id": "Q1",
      "category_id": "CPI_RECREATION",
      "contribution": 0.002478511982392589
    },
    {
      "group_id": "Q1",
      "category_id": "CPI_TRANSPORTATION",
      "contribution": -1.1594543467640104
    },
    {
      "group_id": "Q2",
      "category_id": "CPI_APPAREL",
      "contribution": -0.010726768210647218
    },
    {
      "group_id": "Q2",
      "category_id": "CPI_EDU_COMM",
      "contribution": 0.009597685003399194
    },
    {
      "group_id": "Q2",
      "category_id": "CPI_FOOD_BEVERAGES",
      "contribution": 0.6790577083939867
    },
    {
      "group_id": "Q2",
      "category_id": "CPI_HOUSING",
      "contribution": 0.6234609443154755
    },
    {
      "group_id": "Q2",
      "category_id": "CPI_MEDICAL_CARE",
      "contribution": 0.20621941711836111
    },
    {
      "group_id": "Q2",
      "category_id": "CPI_OTHER",
      "contribution": 0.0679037797169871
    },
    {
      "group_id": "Q2",
      "category_id": "CPI_RECREATION",
      "contribution": 0.0025070926861643856
    },
    {
      "group_id": "Q2",
      "category_id": "CPI_TRANSPORTATION",
      "contribution": -1.340302273579041
    },
    {
      "group_id": "Q3",
      "category_id": "CPI_APPAREL",
      "contribution": -0.011100525612079677
    },
    {
      "group_id": "Q3",
      "category_id": "CPI_EDU_COMM",
      "contribution": 0.010783424238929269
    },
    {
      "group_id": "Q3",
      "category_id": "CPI_FOOD_BEVERAGES",
      "contribution": 0.6647875852057235
    },
    {
      "group_id": "Q3",
      "category_id": "CPI_HOUSING",
      "contribution": 0.585915548466001
    },
    {
      "group_id": "Q3",
      "category_id": "CPI_MEDICAL_CARE",
      "contribution": 0.18969316357627786
    },
    {
      "group_id": "Q3",
      "category_id": "CPI_OTHER",
      "contribution": 0.06533856768327477
    },
    {
      "group_id": "Q3",
      "category_id": "CPI_RECREATION",
      "contribution": 0.0027048504550395854
    },
    {
      "group_id": "Q3",
      "category_id": "CPI_TRANSPORTATION",
      "contribution": -1.573558961953839
    },
    {
      "group_id": "Q4",
      "category_id": "CPI_APPAREL",
      "contribution": -0.013064251287848279
    },
    {
      "group_id": "Q4",
      "category_id": "CPI_EDU_COMM",
      "contribution": 0.009542145460261636
    },
    {
      "group_id": "Q4",
      "category_id": "CPI_FOOD_BEVERAGES",
      "contribution": 0.6629010532984302
    },
    {
      "group_id": "Q4",
      "category_id": "CPI_HOUSING",
      "contribution": 0.5658600110693887
    },
    {
      "group_id": "Q4",
      "category_id": "CPI_MEDICAL_CARE",
      "contribution": 0.18120991380952284
    },
    {
      "group_id": "Q4",
      "category_id": "CPI_OTHER",
      "contribution": 0.06606734825200403
    },
    {
      "group_id": "Q4",
      "category_id": "CPI_RECREATION",
      "contribution": 0.003074298321981225
    },
    {
      "group_id": "Q4",
      "category_id": "CPI_TRANSPORTATION",
      "contribution": -1.6449835500344054
    },
    {
      "group_id": "Q5",
      "category_id": "CPI_APPAREL",
      "contribution": -0.013086794364168708
    },
    {
      "group_id": "Q5",
      "category_id": "CPI_EDU_COMM",
      "contribution": 0.014475781008079015
    },
    {
      "group_id": "Q5",
      "category_id": "CPI_FOOD_BEVERAGES",
      "contribution": 0.6064986755317693
    },
    {
      "group_id": "Q5",
      "category_id": "CPI_HOUSING",
      "contribution": 0.5605291096614802
    },
    {
      "group_id": "Q5",
      "category_id": "CPI_MEDICAL_CARE",
      "contribution": 0.1563887027222227
    },
    {
      "group_id": "Q5",
      "category_id": "CPI_OTHER",
      "contribution": 0.06288725665918458
    },
    {
      "group_id": "Q5",
      "category_id": "CPI_RECREATION",
      "contribution": 0.004067400440922547
    },
    {
      "group_id": "Q5",
      "category_id": "CPI_TRANSPORTATION",
      "contribution": -1.7194093860187865
    }
  ],
  "reference_period": "2015-03",
  "parameters": {
    "alpha": 0.5,
    "scale_factor": 2.0,
    "weights_year": 2023
  },
  "metadata": {
    "computed_at": "2025-12-17T14:22:09.644950Z",
    "backfill": true
  }
}