{
  "dmi_by_group": [
    {
      "group_id": "Q1",
      "dmi": 10.594099715990643,
      "inflation": 7.094099715990643,
      "slack": 3.5
    },
    {
      "group_id": "Q2",
      "dmi": 10.538435641966334,
      "inflation": 7.038435641966334,
      "slack": 3.5
    },
    {
      "group_id": "Q3",
      "dmi": 10.409445404366155,
      "inflation": 6.909445404366155,
      "slack": 3.5
    },
    {
      "group_id": "Q4",
      "dmi": 10.377363265189484,
      "inflation": 6.8773632651894845,
      "slack": 3.5
    },
    {
      "group_id": "Q5",
      "dmi": 10.18857993277754,
      "inflation": 6.688579932777539,
      "slack": 3.5
    }
  ],
  "summary_metrics": {
    "dmi_median": 10.409445404366155,
    "dmi_stress": 10.594099715990643,
    "dmi_dispersion_q5_q1": -0.4055197832131032
  },
  "contributions": [
    {
      "group_id": "Q1",
      "category_id": "CPI_APPAREL",
      "contribution": 0.07088966114397624
    },
    {
      "group_id": "Q1",
      "category_id": "CPI_EDU_COMM",
      "contribution": 0.03901980792168669
    },
    {
      "group_id": "Q1",
      "category_id": "CPI_FOOD_BEVERAGES",
      "contribution": 3.0277348149113625
    },
    {
      "group_id": "Q1",
      "category_id": "CPI_HOUSING",
      "contribution": 2.744241372945109
    },
    {
      "group_id": "Q1",
      "category_id": "CPI_MEDICAL_CARE",
      "contribution": 0.2659171142126376
    },
    {
      "group_id": "Q1",
      "category_id": "CPI_OTHER",
      "contribution": 0.2640054502777112
    },
    {
      "group_id": "Q1",
      "category_id": "CPI_RECREATION",
      "contribution": 0.19297743476900847
    },
    {
      "group_id": "Q1",
      "category_id": "CPI_TRANSPORTATION",
      "contribution": 0.48931405980915044
    },
    {
      "group_id": "Q2",
      "category_id": "CPI_APPAREL",
      "contribution": 0.0668021667839418
    },
    {
      "group_id": "Q2",
      "category_id": "CPI_EDU_COMM",
      "contribution": 0.03133437319111572
    },
    {
      "group_id": "Q2",
      "category_id": "CPI_FOOD_BEVERAGES",
      "contribution": 2.936888075065415
    },
    {
      "group_id": "Q2",
      "category_id": "CPI_HOUSING",
      "contribution": 2.671916631605253
    },
    {
      "group_id": "Q2",
      "category_id": "CPI_MEDICAL_CARE",
      "contribution": 0.26461706994820344
    },
    {
      "group_id": "Q2",
      "category_id": "CPI_OTHER",
      "contribution": 0.3054288637321334
    },
    {
      "group_id": "Q2",
      "category_id": "CPI_RECREATION",
      "contribution": 0.19535924969992463
    },
    {
      "group_id": "Q2",
      "category_id": "CPI_TRANSPORTATION",
      "contribution": 0.566089211940347
    },
    {
      "group_id": "Q3",
      "category_id": "CPI_APPAREL",
      "contribution": 0.06919237452625342
    },
    {
      "group_id": "Q3",
      "category_id": "CPI_EDU_COMM",
      "contribution": 0.03523743187685153
    },
    {
      "group_id": "Q3",
      "category_id": "CPI_FOOD_BEVERAGES",
      "contribution": 2.877773780126994
    },
    {
      "group_id": "Q3",
      "category_id": "CPI_HOUSING",
      "contribution": 2.5132848414545736
    },
    {
      "group_id": "Q3",
      "category_id": "CPI_MEDICAL_CARE",
      "contribution": 0.24363126449162095
    },
    {
      "group_id": "Q3",
      "category_id": "CPI_OTHER",
      "contribution": 0.29415672108260765
    },
    {
      "group_id": "Q3",
      "category_id": "CPI_RECREATION",
      "contribution": 0.21095988799097243
    },
    {
      "group_id": "Q3",
      "category_id": "CPI_TRANSPORTATION",
      "contribution": 0.6652091028162805
    },
    {
      "group_id": "Q4",
      "category_id": "CPI_APPAREL",
      "contribution": 0.0814627900516816
    },
    {
      "group_id": "Q4",
      "category_id": "CPI_EDU_COMM",
      "contribution": 0.0311927492292856
    },
    {
      "group_id": "Q4",
      "category_id": "CPI_FOOD_BEVERAGES",
      "contribution": 2.870665059240407
    },
    {
      "group_id": "Q4",
      "category_id": "CPI_HOUSING",
      "contribution": 2.4281513635554846
    },
    {
      "group_id": "Q4",
      "category_id": "CPI_MEDICAL_CARE",
      "contribution": 0.23282164687975188
    },
    {
      "group_id": "Q4",
      "category_id": "CPI_OTHER",
      "contribution": 0.2975473626337004
    },
    {
      "group_id": "Q4",
      "category_id": "CPI_RECREATION",
      "contribution": 0.2398626892747978
    },
    {
      "group_id": "Q4",
      "category_id": "CPI_TRANSPORTATION",
      "contribution": 0.6956596043243755
    },
    {
      "group_id": "Q5",
      "category_id": "CPI_APPAREL",
      "contribution": 0.08159514126860597
    },
    {
      "group_id": "Q5",
      "category_id": "CPI_EDU_COMM",
      "contribution": 0.04731576770098218
    },
    {
      "group_id": "Q5",
      "category_id": "CPI_FOOD_BEVERAGES",
      "contribution": 2.6261524668236356
    },
    {
      "group_id": "Q5",
      "category_id": "CPI_HOUSING",
      "contribution": 2.405033826298798
    },
    {
      "group_id": "Q5",
      "category_id": "CPI_MEDICAL_CARE",
      "contribution": 0.20091069020261212
    },
    {
      "group_id": "Q5",
      "category_id": "CPI_OTHER",
      "contribution": 0.28319667143918453
    },
    {
      "group_id": "Q5",
      "category_id": "CPI_RECREATION",
      "contribution": 0.31731447752808045
    },
    {
      "group_id": "Q5",
      "category_id": "CPI_TRANSPORTATION",
      "contribution": 0.7270608915156405
    }
  ],
  "reference_period": "2023-01",
  "parameters": {
    "alpha": 0.5,
    "scale_factor": 2.0,
    "weights_year": 2023
  },
  "metadata": {
    "computed_at": "2025-12-17T14:22:09.897944Z",
    "backfill": true
  }
}