{
  "dmi_by_group": [
    {
      "group_id": "Q1",
      "dmi": 9.209228965889146,
      "inflation": 5.709228965889146,
      "slack": 3.5
    },
    {
      "group_id": "Q2",
      "dmi": 9.069806853635683,
      "inflation": 5.569806853635684,
      "slack": 3.5
    },
    {
      "group_id": "Q3",
      "dmi": 8.844663975462716,
      "inflation": 5.344663975462716,
      "slack": 3.5
    },
    {
      "group_id": "Q4",
      "dmi": 8.78405229384612,
      "inflation": 5.28405229384612,
      "slack": 3.5
    },
    {
      "group_id": "Q5",
      "dmi": 8.620189421326081,
      "inflation": 5.120189421326082,
      "slack": 3.5
    }
  ],
  "summary_metrics": {
    "dmi_median": 8.844663975462716,
    "dmi_stress": 9.209228965889146,
    "dmi_dispersion_q5_q1": -0.5890395445630645
  },
  "contributions": [
    {
      "group_id": "Q1",
      "category_id": "CPI_APPAREL",
      "contribution": 0.07479952060965421
    },
    {
      "group_id": "Q1",
      "category_id": "CPI_EDU_COMM",
      "contribution": 0.05330838711407153
    },
    {
      "group_id": "Q1",
      "category_id": "CPI_FOOD_BEVERAGES",
      "contribution": 2.5354943164825117
    },
    {
      "group_id": "Q1",
      "category_id": "CPI_HOUSING",
      "contribution": 2.5931540355776734
    },
    {
      "group_id": "Q1",
      "category_id": "CPI_MEDICAL_CARE",
      "contribution": 0.1299990460931691
    },
    {
      "group_id": "Q1",
      "category_id": "CPI_OTHER",
      "contribution": 0.255857453002906
    },
    {
      "group_id": "Q1",
      "category_id": "CPI_RECREATION",
      "contribution": 0.1930394584729311
    },
    {
      "group_id": "Q1",
      "category_id": "CPI_TRANSPORTATION",
      "contribution": -0.12642325146377184
    },
    {
      "group_id": "Q2",
      "category_id": "CPI_APPAREL",
      "contribution": 0.07045818217538631
    },
    {
      "group_id": "Q2",
      "category_id": "CPI_EDU_COMM",
      "contribution": 0.0427913903811954
    },
    {
      "group_id": "Q2",
      "category_id": "CPI_FOOD_BEVERAGES",
      "contribution": 2.4584261864314634
    },
    {
      "group_id": "Q2",
      "category_id": "CPI_HOUSING",
      "contribution": 2.523793871246814
    },
    {
      "group_id": "Q2",
      "category_id": "CPI_MEDICAL_CARE",
      "contribution": 0.12931136718350908
    },
    {
      "group_id": "Q2",
      "category_id": "CPI_OTHER",
      "contribution": 0.2958831452881164
    },
    {
      "group_id": "Q2",
      "category_id": "CPI_RECREATION",
      "contribution": 0.195343295831553
    },
    {
      "group_id": "Q2",
      "category_id": "CPI_TRANSPORTATION",
      "contribution": -0.1462005849023535
    },
    {
      "group_id": "Q3",
      "category_id": "CPI_APPAREL",
      "contribution": 0.07294511310342142
    },
    {
      "group_id": "Q3",
      "category_id": "CPI_EDU_COMM",
      "contribution": 0.048099074277109403
    },
    {
      "group_id": "Q3",
      "category_id": "CPI_FOOD_BEVERAGES",
      "contribution": 2.4078171925156373
    },
    {
      "group_id": "Q3",
      "category_id": "CPI_HOUSING",
      "contribution": 2.3728471983963604
    },
    {
      "group_id": "Q3",
      "category_id": "CPI_MEDICAL_CARE",
      "contribution": 0.11900054457555707
    },
    {
      "group_id": "Q3",
      "category_id": "CPI_OTHER",
      "contribution": 0.28483018270469723
    },
    {
      "group_id": "Q3",
      "category_id": "CPI_RECREATION",
      "contribution": 0.21084412331786237
    },
    {
      "group_id": "Q3",
      "category_id": "CPI_TRANSPORTATION",
      "contribution": -0.17171945342793069
    },
    {
      "group_id": "Q4",
      "category_id": "CPI_APPAREL",
      "contribution": 0.08586913556120802
    },
    {
      "group_id": "Q4",
      "category_id": "CPI_EDU_COMM",
      "contribution": 0.042572187464753206
    },
    {
      "group_id": "Q4",
      "category_id": "CPI_FOOD_BEVERAGES",
      "contribution": 2.4015366922268844
    },
    {
      "group_id": "Q4",
      "category_id": "CPI_HOUSING",
      "contribution": 2.292153298558447
    },
    {
      "group_id": "Q4",
      "category_id": "CPI_MEDICAL_CARE",
      "contribution": 0.11370488673182927
    },
    {
      "group_id": "Q4",
      "category_id": "CPI_OTHER",
      "contribution": 0.28807341508349976
    },
    {
      "group_id": "Q4",
      "category_id": "CPI_RECREATION",
      "contribution": 0.23969785993443643
    },
    {
      "group_id": "Q4",
      "category_id": "CPI_TRANSPORTATION",
      "contribution": -0.17955518171493776
    },
    {
      "group_id": "Q5",
      "category_id": "CPI_APPAREL",
      "contribution": 0.08601795608591804
    },
    {
      "group_id": "Q5",
      "category_id": "CPI_EDU_COMM",
      "contribution": 0.06458404062527237
    },
    {
      "group_id": "Q5",
      "category_id": "CPI_FOOD_BEVERAGES",
      "contribution": 2.1972205347528546
    },
    {
      "group_id": "Q5",
      "category_id": "CPI_HOUSING",
      "contribution": 2.2705763110693398
    },
    {
      "group_id": "Q5",
      "category_id": "CPI_MEDICAL_CARE",
      "contribution": 0.09813091045235194
    },
    {
      "group_id": "Q5",
      "category_id": "CPI_OTHER",
      "contribution": 0.274209331612705
    },
    {
      "group_id": "Q5",
      "category_id": "CPI_RECREATION",
      "contribution": 0.3171307502362108
    },
    {
      "group_id": "Q5",
      "category_id": "CPI_TRANSPORTATION",
      "contribution": -0.187680413508571
    }
  ],
  "reference_period": "2023-03",
  "parameters": {
    "alpha": 0.5,
    "scale_factor": 2.0,
    "weights_year": 2023
  },
  "metadata": {
    "computed_at": "2025-12-17T14:22:09.903133Z",
    "backfill": true
  }
}