{
  "dmi_by_group": [
    {
      "group_id": "Q1",
      "dmi": 8.912527938457623,
      "inflation": 5.512527938457623,
      "slack": 3.4
    },
    {
      "group_id": "Q2",
      "dmi": 8.809846517670069,
      "inflation": 5.409846517670069,
      "slack": 3.4
    },
    {
      "group_id": "Q3",
      "dmi": 8.631334483544803,
      "inflation": 5.231334483544803,
      "slack": 3.4
    },
    {
      "group_id": "Q4",
      "dmi": 8.588322359102426,
      "inflation": 5.188322359102426,
      "slack": 3.4
    },
    {
      "group_id": "Q5",
      "dmi": 8.463403324669946,
      "inflation": 5.063403324669946,
      "slack": 3.4
    }
  ],
  "summary_metrics": {
    "dmi_median": 8.631334483544803,
    "dmi_stress": 8.912527938457623,
    "dmi_dispersion_q5_q1": -0.4491246137876779
  },
  "contributions": [
    {
      "group_id": "Q1",
      "category_id": "CPI_APPAREL",
      "contribution": 0.0836294751194375
    },
    {
      "group_id": "Q1",
      "category_id": "CPI_EDU_COMM",
      "contribution": 0.05945218251086282
    },
    {
      "group_id": "Q1",
      "category_id": "CPI_FOOD_BEVERAGES",
      "contribution": 2.299824933871491
    },
    {
      "group_id": "Q1",
      "category_id": "CPI_HOUSING",
      "contribution": 2.476999337274322
    },
    {
      "group_id": "Q1",
      "category_id": "CPI_MEDICAL_CARE",
      "contribution": 0.09174331064133108
    },
    {
      "group_id": "Q1",
      "category_id": "CPI_OTHER",
      "contribution": 0.27704018852284856
    },
    {
      "group_id": "Q1",
      "category_id": "CPI_RECREATION",
      "contribution": 0.1990050059090526
    },
    {
      "group_id": "Q1",
      "category_id": "CPI_TRANSPORTATION",
      "contribution": 0.024833504608277646
    },
    {
      "group_id": "Q2",
      "category_id": "CPI_APPAREL",
      "contribution": 0.07878941990221947
    },
    {
      "group_id": "Q2",
      "category_id": "CPI_EDU_COMM",
      "contribution": 0.04773144361359551
    },
    {
      "group_id": "Q2",
      "category_id": "CPI_FOOD_BEVERAGES",
      "contribution": 2.2303099515798497
    },
    {
      "group_id": "Q2",
      "category_id": "CPI_HOUSING",
      "contribution": 2.4111674322304397
    },
    {
      "group_id": "Q2",
      "category_id": "CPI_MEDICAL_CARE",
      "contribution": 0.09127395262324771
    },
    {
      "group_id": "Q2",
      "category_id": "CPI_OTHER",
      "contribution": 0.3204356597643253
    },
    {
      "group_id": "Q2",
      "category_id": "CPI_RECREATION",
      "contribution": 0.20141524249871845
    },
    {
      "group_id": "Q2",
      "category_id": "CPI_TRANSPORTATION",
      "contribution": 0.028723415457673113
    },
    {
      "group_id": "Q3",
      "category_id": "CPI_APPAREL",
      "contribution": 0.08158853540999322
    },
    {
      "group_id": "Q3",
      "category_id": "CPI_EDU_COMM",
      "contribution": 0.0536637918159556
    },
    {
      "group_id": "Q3",
      "category_id": "CPI_FOOD_BEVERAGES",
      "contribution": 2.1848821998004575
    },
    {
      "group_id": "Q3",
      "category_id": "CPI_HOUSING",
      "contribution": 2.2674604798022298
    },
    {
      "group_id": "Q3",
      "category_id": "CPI_MEDICAL_CARE",
      "contribution": 0.08401475589944578
    },
    {
      "group_id": "Q3",
      "category_id": "CPI_OTHER",
      "contribution": 0.30853404208840096
    },
    {
      "group_id": "Q3",
      "category_id": "CPI_RECREATION",
      "contribution": 0.21744618368070134
    },
    {
      "group_id": "Q3",
      "category_id": "CPI_TRANSPORTATION",
      "contribution": 0.03374449504761853
    },
    {
      "group_id": "Q4",
      "category_id": "CPI_APPAREL",
      "contribution": 0.09605203125950888
    },
    {
      "group_id": "Q4",
      "category_id": "CPI_EDU_COMM",
      "contribution": 0.04750147894584298
    },
    {
      "group_id": "Q4",
      "category_id": "CPI_FOOD_BEVERAGES",
      "contribution": 2.179366491884523
    },
    {
      "group_id": "Q4",
      "category_id": "CPI_HOUSING",
      "contribution": 2.1905347203179737
    },
    {
      "group_id": "Q4",
      "category_id": "CPI_MEDICAL_CARE",
      "contribution": 0.08028275703135898
    },
    {
      "group_id": "Q4",
      "category_id": "CPI_OTHER",
      "contribution": 0.3120734261999528
    },
    {
      "group_id": "Q4",
      "category_id": "CPI_RECREATION",
      "contribution": 0.24722419597484951
    },
    {
      "group_id": "Q4",
      "category_id": "CPI_TRANSPORTATION",
      "contribution": 0.03528725748841616
    },
    {
      "group_id": "Q5",
      "category_id": "CPI_APPAREL",
      "contribution": 0.0962364262976715
    },
    {
      "group_id": "Q5",
      "category_id": "CPI_EDU_COMM",
      "contribution": 0.0720754369684239
    },
    {
      "group_id": "Q5",
      "category_id": "CPI_FOOD_BEVERAGES",
      "contribution": 1.9943234587514094
    },
    {
      "group_id": "Q5",
      "category_id": "CPI_HOUSING",
      "contribution": 2.170318586887739
    },
    {
      "group_id": "Q5",
      "category_id": "CPI_MEDICAL_CARE",
      "contribution": 0.06929946510926369
    },
    {
      "group_id": "Q5",
      "category_id": "CPI_OTHER",
      "contribution": 0.29710964047247934
    },
    {
      "group_id": "Q5",
      "category_id": "CPI_RECREATION",
      "contribution": 0.32714936171354986
    },
    {
      "group_id": "Q5",
      "category_id": "CPI_TRANSPORTATION",
      "contribution": 0.03689094846941
    }
  ],
  "reference_period": "2023-04",
  "parameters": {
    "alpha": 0.5,
    "scale_factor": 2.0,
    "weights_year": 2023
  },
  "metadata": {
    "computed_at": "2025-12-17T14:22:09.905754Z",
    "backfill": true
  }
}