{
  "dmi_by_group": [
    {
      "group_id": "Q1",
      "dmi": 7.497859092622913,
      "inflation": 3.7978590926229128,
      "slack": 3.7
    },
    {
      "group_id": "Q2",
      "dmi": 7.46597157528682,
      "inflation": 3.7659715752868195,
      "slack": 3.7
    },
    {
      "group_id": "Q3",
      "dmi": 7.3829157441125695,
      "inflation": 3.6829157441125693,
      "slack": 3.7
    },
    {
      "group_id": "Q4",
      "dmi": 7.3685745127522875,
      "inflation": 3.6685745127522873,
      "slack": 3.7
    },
    {
      "group_id": "Q5",
      "dmi": 7.331284328188378,
      "inflation": 3.6312843281883778,
      "slack": 3.7
    }
  ],
  "summary_metrics": {
    "dmi_median": 7.3829157441125695,
    "dmi_stress": 7.497859092622913,
    "dmi_dispersion_q5_q1": -0.166574764434535
  },
  "contributions": [
    {
      "group_id": "Q1",
      "category_id": "CPI_APPAREL",
      "contribution": 0.07046164812263381
    },
    {
      "group_id": "Q1",
      "category_id": "CPI_EDU_COMM",
      "contribution": 0.03916718455146747
    },
    {
      "group_id": "Q1",
      "category_id": "CPI_FOOD_BEVERAGES",
      "contribution": 1.3099305384728002
    },
    {
      "group_id": "Q1",
      "category_id": "CPI_HOUSING",
      "contribution": 1.8966978279670825
    },
    {
      "group_id": "Q1",
      "category_id": "CPI_MEDICAL_CARE",
      "contribution": -0.08430487409536744
    },
    {
      "group_id": "Q1",
      "category_id": "CPI_OTHER",
      "contribution": 0.24044052054200254
    },
    {
      "group_id": "Q1",
      "category_id": "CPI_RECREATION",
      "contribution": 0.14133290212476549
    },
    {
      "group_id": "Q1",
      "category_id": "CPI_TRANSPORTATION",
      "contribution": 0.18413334493752784
    },
    {
      "group_id": "Q2",
      "category_id": "CPI_APPAREL",
      "contribution": 0.06640602644329706
    },
    {
      "group_id": "Q2",
      "category_id": "CPI_EDU_COMM",
      "contribution": 0.03145612967061651
    },
    {
      "group_id": "Q2",
      "category_id": "CPI_FOOD_BEVERAGES",
      "contribution": 1.2707639206792631
    },
    {
      "group_id": "Q2",
      "category_id": "CPI_HOUSING",
      "contribution": 1.8469102446561114
    },
    {
      "group_id": "Q2",
      "category_id": "CPI_MEDICAL_CARE",
      "contribution": -0.0839018040466673
    },
    {
      "group_id": "Q2",
      "category_id": "CPI_OTHER",
      "contribution": 0.2781966467950808
    },
    {
      "group_id": "Q2",
      "category_id": "CPI_RECREATION",
      "contribution": 0.14309279744517023
    },
    {
      "group_id": "Q2",
      "category_id": "CPI_TRANSPORTATION",
      "contribution": 0.21304761364394767
    },
    {
      "group_id": "Q3",
      "category_id": "CPI_APPAREL",
      "contribution": 0.06879629060827246
    },
    {
      "group_id": "Q3",
      "category_id": "CPI_EDU_COMM",
      "contribution": 0.035381673216492326
    },
    {
      "group_id": "Q3",
      "category_id": "CPI_FOOD_BEVERAGES",
      "contribution": 1.245443339133075
    },
    {
      "group_id": "Q3",
      "category_id": "CPI_HOUSING",
      "contribution": 1.737618540049218
    },
    {
      "group_id": "Q3",
      "category_id": "CPI_MEDICAL_CARE",
      "contribution": -0.07726384289576592
    },
    {
      "group_id": "Q3",
      "category_id": "CPI_OTHER",
      "contribution": 0.26798496756803347
    },
    {
      "group_id": "Q3",
      "category_id": "CPI_RECREATION",
      "contribution": 0.15455160681145225
    },
    {
      "group_id": "Q3",
      "category_id": "CPI_TRANSPORTATION",
      "contribution": 0.2504031696217917
    },
    {
      "group_id": "Q4",
      "category_id": "CPI_APPAREL",
      "contribution": 0.0810031199226296
    },
    {
      "group_id": "Q4",
      "category_id": "CPI_EDU_COMM",
      "contribution": 0.03132300719523557
    },
    {
      "group_id": "Q4",
      "category_id": "CPI_FOOD_BEVERAGES",
      "contribution": 1.2424688945451265
    },
    {
      "group_id": "Q4",
      "category_id": "CPI_HOUSING",
      "contribution": 1.6788974305449698
    },
    {
      "group_id": "Q4",
      "category_id": "CPI_MEDICAL_CARE",
      "contribution": -0.07384180792553265
    },
    {
      "group_id": "Q4",
      "category_id": "CPI_OTHER",
      "contribution": 0.2710962069904817
    },
    {
      "group_id": "Q4",
      "category_id": "CPI_RECREATION",
      "contribution": 0.1757405639305283
    },
    {
      "group_id": "Q4",
      "category_id": "CPI_TRANSPORTATION",
      "contribution": 0.26188709754884826
    },
    {
      "group_id": "Q5",
      "category_id": "CPI_APPAREL",
      "contribution": 0.08119256691343762
    },
    {
      "group_id": "Q5",
      "category_id": "CPI_EDU_COMM",
      "contribution": 0.047547227099352773
    },
    {
      "group_id": "Q5",
      "category_id": "CPI_FOOD_BEVERAGES",
      "contribution": 1.1374503405040748
    },
    {
      "group_id": "Q5",
      "category_id": "CPI_HOUSING",
      "contribution": 1.6640987894055885
    },
    {
      "group_id": "Q5",
      "category_id": "CPI_MEDICAL_CARE",
      "contribution": -0.06376634390167357
    },
    {
      "group_id": "Q5",
      "category_id": "CPI_OTHER",
      "contribution": 0.25820520201303976
    },
    {
      "group_id": "Q5",
      "category_id": "CPI_RECREATION",
      "contribution": 0.23265302916201944
    },
    {
      "group_id": "Q5",
      "category_id": "CPI_TRANSPORTATION",
      "contribution": 0.27390351699253873
    }
  ],
  "reference_period": "2023-08",
  "parameters": {
    "alpha": 0.5,
    "scale_factor": 2.0,
    "weights_year": 2023
  },
  "metadata": {
    "computed_at": "2025-12-17T14:22:09.916871Z",
    "backfill": true
  }
}