{
  "dmi_by_group": [
    {
      "group_id": "Q1",
      "dmi": 12.601209488754886,
      "inflation": 3.6012094887548862,
      "slack": 9.0
    },
    {
      "group_id": "Q2",
      "dmi": 12.776957807516034,
      "inflation": 3.776957807516035,
      "slack": 9.0
    },
    {
      "group_id": "Q3",
      "dmi": 13.009286799397117,
      "inflation": 4.009286799397116,
      "slack": 9.0
    },
    {
      "group_id": "Q4",
      "dmi": 13.080596586552442,
      "inflation": 4.080596586552443,
      "slack": 9.0
    },
    {
      "group_id": "Q5",
      "dmi": 13.050622672353654,
      "inflation": 4.050622672353654,
      "slack": 9.0
    }
  ],
  "summary_metrics": {
    "dmi_median": 13.009286799397117,
    "dmi_stress": 13.080596586552442,
    "dmi_dispersion_q5_q1": 0.44941318359876803
  },
  "contributions": [
    {
      "group_id": "Q1",
      "category_id": "CPI_APPAREL",
      "contribution": 0.06963943884153344
    },
    {
      "group_id": "Q1",
      "category_id": "CPI_EDU_COMM",
      "contribution": 0.03715335348202411
    },
    {
      "group_id": "Q1",
      "category_id": "CPI_FOOD_BEVERAGES",
      "contribution": 1.2414434254014453
    },
    {
      "group_id": "Q1",
      "category_id": "CPI_HOUSING",
      "contribution": 0.4922187861322047
    },
    {
      "group_id": "Q1",
      "category_id": "CPI_MEDICAL_CARE",
      "contribution": 0.2731355444685195
    },
    {
      "group_id": "Q1",
      "category_id": "CPI_OTHER",
      "contribution": 0.036246655359092064
    },
    {
      "group_id": "Q1",
      "category_id": "CPI_RECREATION",
      "contribution": -0.007021255193433247
    },
    {
      "group_id": "Q1",
      "category_id": "CPI_TRANSPORTATION",
      "contribution": 1.4583935402635007
    },
    {
      "group_id": "Q2",
      "category_id": "CPI_APPAREL",
      "contribution": 0.06569727693916377
    },
    {
      "group_id": "Q2",
      "category_id": "CPI_EDU_COMM",
      "contribution": 0.02986884031159204
    },
    {
      "group_id": "Q2",
      "category_id": "CPI_FOOD_BEVERAGES",
      "contribution": 1.2055381297525565
    },
    {
      "group_id": "Q2",
      "category_id": "CPI_HOUSING",
      "contribution": 0.47978121276155733
    },
    {
      "group_id": "Q2",
      "category_id": "CPI_MEDICAL_CARE",
      "contribution": 0.2721035732982006
    },
    {
      "group_id": "Q2",
      "category_id": "CPI_OTHER",
      "contribution": 0.041980690665582694
    },
    {
      "group_id": "Q2",
      "category_id": "CPI_RECREATION",
      "contribution": -0.007115848035905308
    },
    {
      "group_id": "Q2",
      "category_id": "CPI_TRANSPORTATION",
      "contribution": 1.6891039318232879
    },
    {
      "group_id": "Q3",
      "category_id": "CPI_APPAREL",
      "contribution": 0.06816611092820896
    },
    {
      "group_id": "Q3",
      "category_id": "CPI_EDU_COMM",
      "contribution": 0.033647675050419414
    },
    {
      "group_id": "Q3",
      "category_id": "CPI_FOOD_BEVERAGES",
      "contribution": 1.1833239896823575
    },
    {
      "group_id": "Q3",
      "category_id": "CPI_HOUSING",
      "contribution": 0.4520802234420025
    },
    {
      "group_id": "Q3",
      "category_id": "CPI_MEDICAL_CARE",
      "contribution": 0.25095905510270167
    },
    {
      "group_id": "Q3",
      "category_id": "CPI_OTHER",
      "contribution": 0.040501559057874545
    },
    {
      "group_id": "Q3",
      "category_id": "CPI_RECREATION",
      "contribution": -0.00769743508179496
    },
    {
      "group_id": "Q3",
      "category_id": "CPI_TRANSPORTATION",
      "contribution": 1.9883056212153458
    },
    {
      "group_id": "Q4",
      "category_id": "CPI_APPAREL",
      "contribution": 0.08029440239177767
    },
    {
      "group_id": "Q4",
      "category_id": "CPI_EDU_COMM",
      "contribution": 0.02980026824695248
    },
    {
      "group_id": "Q4",
      "category_id": "CPI_FOOD_BEVERAGES",
      "contribution": 1.1809873580742791
    },
    {
      "group_id": "Q4",
      "category_id": "CPI_HOUSING",
      "contribution": 0.43698372318201134
    },
    {
      "group_id": "Q4",
      "category_id": "CPI_MEDICAL_CARE",
      "contribution": 0.2399434592962575
    },
    {
      "group_id": "Q4",
      "category_id": "CPI_OTHER",
      "contribution": 0.04098875981160514
    },
    {
      "group_id": "Q4",
      "category_id": "CPI_RECREATION",
      "contribution": -0.008756379084074301
    },
    {
      "group_id": "Q4",
      "category_id": "CPI_TRANSPORTATION",
      "contribution": 2.0803549946336344
    },
    {
      "group_id": "Q5",
      "category_id": "CPI_APPAREL",
      "contribution": 0.08048508838629925
    },
    {
      "group_id": "Q5",
      "category_id": "CPI_EDU_COMM",
      "contribution": 0.04523739076431615
    },
    {
      "group_id": "Q5",
      "category_id": "CPI_FOOD_BEVERAGES",
      "contribution": 1.0812043857793905
    },
    {
      "group_id": "Q5",
      "category_id": "CPI_HOUSING",
      "contribution": 0.43314751848443145
    },
    {
      "group_id": "Q5",
      "category_id": "CPI_MEDICAL_CARE",
      "contribution": 0.2072114459978596
    },
    {
      "group_id": "Q5",
      "category_id": "CPI_OTHER",
      "contribution": 0.039041091801555586
    },
    {
      "group_id": "Q5",
      "category_id": "CPI_RECREATION",
      "contribution": -0.01159249401995067
    },
    {
      "group_id": "Q5",
      "category_id": "CPI_TRANSPORTATION",
      "contribution": 2.175888245159753
    }
  ],
  "reference_period": "2011-07",
  "parameters": {
    "alpha": 0.5,
    "scale_factor": 2.0,
    "weights_year": 2023
  },
  "metadata": {
    "computed_at": "2025-12-17T14:22:09.523104Z",
    "backfill": true
  }
}