{
  "dmi_by_group": [
    {
      "group_id": "Q1",
      "dmi": 8.867107893107955,
      "inflation": 1.267107893107955,
      "slack": 7.6
    },
    {
      "group_id": "Q2",
      "dmi": 8.794346274751767,
      "inflation": 1.1943462747517675,
      "slack": 7.6
    },
    {
      "group_id": "Q3",
      "dmi": 8.681081113843241,
      "inflation": 1.0810811138432408,
      "slack": 7.6
    },
    {
      "group_id": "Q4",
      "dmi": 8.634285700459847,
      "inflation": 1.0342857004598471,
      "slack": 7.6
    },
    {
      "group_id": "Q5",
      "dmi": 8.573988100380207,
      "inflation": 0.9739881003802076,
      "slack": 7.6
    }
  ],
  "summary_metrics": {
    "dmi_median": 8.681081113843241,
    "dmi_stress": 8.867107893107955,
    "dmi_dispersion_q5_q1": -0.29311979272774735
  },
  "contributions": [
    {
      "group_id": "Q1",
      "category_id": "CPI_APPAREL",
      "contribution": 0.006683210240109697
    },
    {
      "group_id": "Q1",
      "category_id": "CPI_EDU_COMM",
      "contribution": 0.05446251560962985
    },
    {
      "group_id": "Q1",
      "category_id": "CPI_FOOD_BEVERAGES",
      "contribution": 0.4853747628318455
    },
    {
      "group_id": "Q1",
      "category_id": "CPI_HOUSING",
      "contribution": 0.648688210453198
    },
    {
      "group_id": "Q1",
      "category_id": "CPI_MEDICAL_CARE",
      "contribution": 0.23250606170432858
    },
    {
      "group_id": "Q1",
      "category_id": "CPI_OTHER",
      "contribution": 0.07406871640478135
    },
    {
      "group_id": "Q1",
      "category_id": "CPI_RECREATION",
      "contribution": 0.024465435957647025
    },
    {
      "group_id": "Q1",
      "category_id": "CPI_TRANSPORTATION",
      "contribution": -0.2591410200935854
    },
    {
      "group_id": "Q2",
      "category_id": "CPI_APPAREL",
      "contribution": 0.006297244493589085
    },
    {
      "group_id": "Q2",
      "category_id": "CPI_EDU_COMM",
      "contribution": 0.04373119698127735
    },
    {
      "group_id": "Q2",
      "category_id": "CPI_FOOD_BEVERAGES",
      "contribution": 0.47076539960577707
    },
    {
      "group_id": "Q2",
      "category_id": "CPI_HOUSING",
      "contribution": 0.6315305782199923
    },
    {
      "group_id": "Q2",
      "category_id": "CPI_MEDICAL_CARE",
      "contribution": 0.23134687106726934
    },
    {
      "group_id": "Q2",
      "category_id": "CPI_OTHER",
      "contribution": 0.08568203745855771
    },
    {
      "group_id": "Q2",
      "category_id": "CPI_RECREATION",
      "contribution": 0.024764991972842952
    },
    {
      "group_id": "Q2",
      "category_id": "CPI_TRANSPORTATION",
      "contribution": -0.29977204504753824
    },
    {
      "group_id": "Q3",
      "category_id": "CPI_APPAREL",
      "contribution": 0.006522879818579119
    },
    {
      "group_id": "Q3",
      "category_id": "CPI_EDU_COMM",
      "contribution": 0.04918081694680275
    },
    {
      "group_id": "Q3",
      "category_id": "CPI_FOOD_BEVERAGES",
      "contribution": 0.46131218603624924
    },
    {
      "group_id": "Q3",
      "category_id": "CPI_HOUSING",
      "contribution": 0.5940654953149318
    },
    {
      "group_id": "Q3",
      "category_id": "CPI_MEDICAL_CARE",
      "contribution": 0.21300996903044453
    },
    {
      "group_id": "Q3",
      "category_id": "CPI_OTHER",
      "contribution": 0.08252387654011925
    },
    {
      "group_id": "Q3",
      "category_id": "CPI_RECREATION",
      "contribution": 0.02674393051463349
    },
    {
      "group_id": "Q3",
      "category_id": "CPI_TRANSPORTATION",
      "contribution": -0.35227804035851945
    },
    {
      "group_id": "Q4",
      "category_id": "CPI_APPAREL",
      "contribution": 0.007679016336086292
    },
    {
      "group_id": "Q4",
      "category_id": "CPI_EDU_COMM",
      "contribution": 0.04353216956941238
    },
    {
      "group_id": "Q4",
      "category_id": "CPI_FOOD_BEVERAGES",
      "contribution": 0.4601357407641784
    },
    {
      "group_id": "Q4",
      "category_id": "CPI_HOUSING",
      "contribution": 0.5738964541053595
    },
    {
      "group_id": "Q4",
      "category_id": "CPI_MEDICAL_CARE",
      "contribution": 0.20354265540591135
    },
    {
      "group_id": "Q4",
      "category_id": "CPI_OTHER",
      "contribution": 0.08346840585577187
    },
    {
      "group_id": "Q4",
      "category_id": "CPI_RECREATION",
      "contribution": 0.03040557471586493
    },
    {
      "group_id": "Q4",
      "category_id": "CPI_TRANSPORTATION",
      "contribution": -0.36837431629273737
    },
    {
      "group_id": "Q5",
      "category_id": "CPI_APPAREL",
      "contribution": 0.007696067321529331
    },
    {
      "group_id": "Q5",
      "category_id": "CPI_EDU_COMM",
      "contribution": 0.06607250881790128
    },
    {
      "group_id": "Q5",
      "category_id": "CPI_FOOD_BEVERAGES",
      "contribution": 0.42119347001688695
    },
    {
      "group_id": "Q5",
      "category_id": "CPI_HOUSING",
      "contribution": 0.5687707091822312
    },
    {
      "group_id": "Q5",
      "category_id": "CPI_MEDICAL_CARE",
      "contribution": 0.17574920651658205
    },
    {
      "group_id": "Q5",
      "category_id": "CPI_OTHER",
      "contribution": 0.07948998347347527
    },
    {
      "group_id": "Q5",
      "category_id": "CPI_RECREATION",
      "contribution": 0.040247476333752655
    },
    {
      "group_id": "Q5",
      "category_id": "CPI_TRANSPORTATION",
      "contribution": -0.385231321282151
    }
  ],
  "reference_period": "2013-04",
  "parameters": {
    "alpha": 0.5,
    "scale_factor": 2.0,
    "weights_year": 2023
  },
  "metadata": {
    "computed_at": "2025-12-17T14:22:09.581416Z",
    "backfill": true
  }
}