{
  "dmi_by_group": [
    {
      "group_id": "Q1",
      "dmi": 6.068420567214201,
      "inflation": 0.5684205672142006,
      "slack": 5.5
    },
    {
      "group_id": "Q2",
      "dmi": 5.827196578956568,
      "inflation": 0.32719657895656784,
      "slack": 5.5
    },
    {
      "group_id": "Q3",
      "dmi": 5.489291038365669,
      "inflation": -0.010708961634331438,
      "slack": 5.5
    },
    {
      "group_id": "Q4",
      "dmi": 5.3722463874491595,
      "inflation": -0.1277536125508405,
      "slack": 5.5
    },
    {
      "group_id": "Q5",
      "dmi": 5.191417972092344,
      "inflation": -0.30858202790765565,
      "slack": 5.5
    }
  ],
  "summary_metrics": {
    "dmi_median": 5.489291038365669,
    "dmi_stress": 6.068420567214201,
    "dmi_dispersion_q5_q1": -0.8770025951218567
  },
  "contributions": [
    {
      "group_id": "Q1",
      "category_id": "CPI_APPAREL",
      "contribution": -0.018893734866766425
    },
    {
      "group_id": "Q1",
      "category_id": "CPI_EDU_COMM",
      "contribution": 0.014044549505361093
    },
    {
      "group_id": "Q1",
      "category_id": "CPI_FOOD_BEVERAGES",
      "contribution": 0.872029240969133
    },
    {
      "group_id": "Q1",
      "category_id": "CPI_HOUSING",
      "contribution": 0.7360046464289152
    },
    {
      "group_id": "Q1",
      "category_id": "CPI_MEDICAL_CARE",
      "contribution": 0.19551701759599044
    },
    {
      "group_id": "Q1",
      "category_id": "CPI_OTHER",
      "contribution": 0.061358904964243816
    },
    {
      "group_id": "Q1",
      "category_id": "CPI_RECREATION",
      "contribution": -0.002173238853588266
    },
    {
      "group_id": "Q1",
      "category_id": "CPI_TRANSPORTATION",
      "contribution": -1.2894668185290883
    },
    {
      "group_id": "Q2",
      "category_id": "CPI_APPAREL",
      "contribution": -0.017787617471682202
    },
    {
      "group_id": "Q2",
      "category_id": "CPI_EDU_COMM",
      "contribution": 0.011267719139916945
    },
    {
      "group_id": "Q2",
      "category_id": "CPI_FOOD_BEVERAGES",
      "contribution": 0.845070467420408
    },
    {
      "group_id": "Q2",
      "category_id": "CPI_HOUSING",
      "contribution": 0.715934790611932
    },
    {
      "group_id": "Q2",
      "category_id": "CPI_MEDICAL_CARE",
      "contribution": 0.19437859859464965
    },
    {
      "group_id": "Q2",
      "category_id": "CPI_OTHER",
      "contribution": 0.07091973427414915
    },
    {
      "group_id": "Q2",
      "category_id": "CPI_RECREATION",
      "contribution": -0.0021979976612403404
    },
    {
      "group_id": "Q2",
      "category_id": "CPI_TRANSPORTATION",
      "contribution": -1.4903891159515654
    },
    {
      "group_id": "Q3",
      "category_id": "CPI_APPAREL",
      "contribution": -0.01840422185720921
    },
    {
      "group_id": "Q3",
      "category_id": "CPI_EDU_COMM",
      "contribution": 0.012657596413948216
    },
    {
      "group_id": "Q3",
      "category_id": "CPI_FOOD_BEVERAGES",
      "contribution": 0.8271688543536474
    },
    {
      "group_id": "Q3",
      "category_id": "CPI_HOUSING",
      "contribution": 0.6727044012487066
    },
    {
      "group_id": "Q3",
      "category_id": "CPI_MEDICAL_CARE",
      "contribution": 0.17877039630515898
    },
    {
      "group_id": "Q3",
      "category_id": "CPI_OTHER",
      "contribution": 0.06822880931106685
    },
    {
      "group_id": "Q3",
      "category_id": "CPI_RECREATION",
      "contribution": -0.0023709649112393628
    },
    {
      "group_id": "Q3",
      "category_id": "CPI_TRANSPORTATION",
      "contribution": -1.7494638324984109
    },
    {
      "group_id": "Q4",
      "category_id": "CPI_APPAREL",
      "contribution": -0.021658585819210534
    },
    {
      "group_id": "Q4",
      "category_id": "CPI_EDU_COMM",
      "contribution": 0.011199850860120604
    },
    {
      "group_id": "Q4",
      "category_id": "CPI_FOOD_BEVERAGES",
      "contribution": 0.8247676842771167
    },
    {
      "group_id": "Q4",
      "category_id": "CPI_HOUSING",
      "contribution": 0.649635731355454
    },
    {
      "group_id": "Q4",
      "category_id": "CPI_MEDICAL_CARE",
      "contribution": 0.17076447664816
    },
    {
      "group_id": "Q4",
      "category_id": "CPI_OTHER",
      "contribution": 0.06898532465709295
    },
    {
      "group_id": "Q4",
      "category_id": "CPI_RECREATION",
      "contribution": -0.0026946324163444053
    },
    {
      "group_id": "Q4",
      "category_id": "CPI_TRANSPORTATION",
      "contribution": -1.8287534621132295
    },
    {
      "group_id": "Q5",
      "category_id": "CPI_APPAREL",
      "contribution": -0.021693510297636408
    },
    {
      "group_id": "Q5",
      "category_id": "CPI_EDU_COMM",
      "contribution": 0.0169886627241175
    },
    {
      "group_id": "Q5",
      "category_id": "CPI_FOOD_BEVERAGES",
      "contribution": 0.7545078577484476
    },
    {
      "group_id": "Q5",
      "category_id": "CPI_HOUSING",
      "contribution": 0.643442961934377
    },
    {
      "group_id": "Q5",
      "category_id": "CPI_MEDICAL_CARE",
      "contribution": 0.14735739582185156
    },
    {
      "group_id": "Q5",
      "category_id": "CPI_OTHER",
      "contribution": 0.065657368051731
    },
    {
      "group_id": "Q5",
      "category_id": "CPI_RECREATION",
      "contribution": -0.0035646872802769063
    },
    {
      "group_id": "Q5",
      "category_id": "CPI_TRANSPORTATION",
      "contribution": -1.9112780766102673
    }
  ],
  "reference_period": "2015-02",
  "parameters": {
    "alpha": 0.5,
    "scale_factor": 2.0,
    "weights_year": 2023
  },
  "metadata": {
    "computed_at": "2025-12-17T14:22:09.642306Z",
    "backfill": true
  }
}