{
  "dmi_by_group": [
    {
      "group_id": "Q1",
      "dmi": 10.46758977307914,
      "inflation": 5.9675897730791405,
      "slack": 4.5
    },
    {
      "group_id": "Q2",
      "dmi": 10.750794965364337,
      "inflation": 6.250794965364337,
      "slack": 4.5
    },
    {
      "group_id": "Q3",
      "dmi": 11.105737820664203,
      "inflation": 6.605737820664204,
      "slack": 4.5
    },
    {
      "group_id": "Q4",
      "dmi": 11.230260758200535,
      "inflation": 6.730260758200535,
      "slack": 4.5
    },
    {
      "group_id": "Q5",
      "dmi": 11.307289334795442,
      "inflation": 6.807289334795441,
      "slack": 4.5
    }
  ],
  "summary_metrics": {
    "dmi_median": 11.105737820664203,
    "dmi_stress": 11.307289334795442,
    "dmi_dispersion_q5_q1": 0.8396995617163014
  },
  "contributions": [
    {
      "group_id": "Q1",
      "category_id": "CPI_APPAREL",
      "contribution": 0.09901270839490474
    },
    {
      "group_id": "Q1",
      "category_id": "CPI_EDU_COMM",
      "contribution": 0.06747205299036793
    },
    {
      "group_id": "Q1",
      "category_id": "CPI_FOOD_BEVERAGES",
      "contribution": 1.5973070253511836
    },
    {
      "group_id": "Q1",
      "category_id": "CPI_HOUSING",
      "contribution": 1.5204230598590287
    },
    {
      "group_id": "Q1",
      "category_id": "CPI_MEDICAL_CARE",
      "contribution": 0.1144916057237436
    },
    {
      "group_id": "Q1",
      "category_id": "CPI_OTHER",
      "contribution": 0.18047568737811304
    },
    {
      "group_id": "Q1",
      "category_id": "CPI_RECREATION",
      "contribution": 0.1547110646374545
    },
    {
      "group_id": "Q1",
      "category_id": "CPI_TRANSPORTATION",
      "contribution": 2.2336965687443446
    },
    {
      "group_id": "Q2",
      "category_id": "CPI_APPAREL",
      "contribution": 0.0934540361711429
    },
    {
      "group_id": "Q2",
      "category_id": "CPI_EDU_COMM",
      "contribution": 0.054269932637622545
    },
    {
      "group_id": "Q2",
      "category_id": "CPI_FOOD_BEVERAGES",
      "contribution": 1.551877499552253
    },
    {
      "group_id": "Q2",
      "category_id": "CPI_HOUSING",
      "contribution": 1.4827383380278218
    },
    {
      "group_id": "Q2",
      "category_id": "CPI_MEDICAL_CARE",
      "contribution": 0.1141155129969756
    },
    {
      "group_id": "Q2",
      "category_id": "CPI_OTHER",
      "contribution": 0.2091295301435648
    },
    {
      "group_id": "Q2",
      "category_id": "CPI_RECREATION",
      "contribution": 0.15687303458526036
    },
    {
      "group_id": "Q2",
      "category_id": "CPI_TRANSPORTATION",
      "contribution": 2.5883370812496964
    },
    {
      "group_id": "Q3",
      "category_id": "CPI_APPAREL",
      "contribution": 0.09702021739874421
    },
    {
      "group_id": "Q3",
      "category_id": "CPI_EDU_COMM",
      "contribution": 0.0611700753441893
    },
    {
      "group_id": "Q3",
      "category_id": "CPI_FOOD_BEVERAGES",
      "contribution": 1.524134125473388
    },
    {
      "group_id": "Q3",
      "category_id": "CPI_HOUSING",
      "contribution": 1.3979119604143853
    },
    {
      "group_id": "Q3",
      "category_id": "CPI_MEDICAL_CARE",
      "contribution": 0.10530678284347396
    },
    {
      "group_id": "Q3",
      "category_id": "CPI_OTHER",
      "contribution": 0.20187407805725097
    },
    {
      "group_id": "Q3",
      "category_id": "CPI_RECREATION",
      "contribution": 0.16978944958338463
    },
    {
      "group_id": "Q3",
      "category_id": "CPI_TRANSPORTATION",
      "contribution": 3.0485311315493875
    },
    {
      "group_id": "Q4",
      "category_id": "CPI_APPAREL",
      "contribution": 0.11431031142232702
    },
    {
      "group_id": "Q4",
      "category_id": "CPI_EDU_COMM",
      "contribution": 0.054188925422071856
    },
    {
      "group_id": "Q4",
      "category_id": "CPI_FOOD_BEVERAGES",
      "contribution": 1.521497271954439
    },
    {
      "group_id": "Q4",
      "category_id": "CPI_HOUSING",
      "contribution": 1.3515620338548773
    },
    {
      "group_id": "Q4",
      "category_id": "CPI_MEDICAL_CARE",
      "contribution": 0.10070912015955513
    },
    {
      "group_id": "Q4",
      "category_id": "CPI_OTHER",
      "contribution": 0.20435252327748088
    },
    {
      "group_id": "Q4",
      "category_id": "CPI_RECREATION",
      "contribution": 0.19319488852752195
    },
    {
      "group_id": "Q4",
      "category_id": "CPI_TRANSPORTATION",
      "contribution": 3.1904456835822614
    },
    {
      "group_id": "Q5",
      "category_id": "CPI_APPAREL",
      "contribution": 0.11464018931759186
    },
    {
      "group_id": "Q5",
      "category_id": "CPI_EDU_COMM",
      "contribution": 0.0823017830924947
    },
    {
      "group_id": "Q5",
      "category_id": "CPI_FOOD_BEVERAGES",
      "contribution": 1.3936543010724665
    },
    {
      "group_id": "Q5",
      "category_id": "CPI_HOUSING",
      "contribution": 1.3403798337976598
    },
    {
      "group_id": "Q5",
      "category_id": "CPI_MEDICAL_CARE",
      "contribution": 0.0870151671583067
    },
    {
      "group_id": "Q5",
      "category_id": "CPI_OTHER",
      "contribution": 0.19474150065919985
    },
    {
      "group_id": "Q5",
      "category_id": "CPI_RECREATION",
      "contribution": 0.25589941255426457
    },
    {
      "group_id": "Q5",
      "category_id": "CPI_TRANSPORTATION",
      "contribution": 3.3386571471434574
    }
  ],
  "reference_period": "2021-10",
  "parameters": {
    "alpha": 0.5,
    "scale_factor": 2.0,
    "weights_year": 2023
  },
  "metadata": {
    "computed_at": "2025-12-17T14:22:09.857988Z",
    "backfill": true
  }
}