{
  "dmi_by_group": [
    {
      "group_id": "Q1",
      "dmi": 5.564870585025447,
      "inflation": 1.8648705850254466,
      "slack": 3.7
    },
    {
      "group_id": "Q2",
      "dmi": 5.524085770810258,
      "inflation": 1.8240857708102576,
      "slack": 3.7
    },
    {
      "group_id": "Q3",
      "dmi": 5.431008866070694,
      "inflation": 1.7310088660706935,
      "slack": 3.7
    },
    {
      "group_id": "Q4",
      "dmi": 5.387921210497812,
      "inflation": 1.6879212104978114,
      "slack": 3.7
    },
    {
      "group_id": "Q5",
      "dmi": 5.323151607824647,
      "inflation": 1.6231516078246466,
      "slack": 3.7
    }
  ],
  "summary_metrics": {
    "dmi_median": 5.431008866070694,
    "dmi_stress": 5.564870585025447,
    "dmi_dispersion_q5_q1": -0.24171897720079993
  },
  "contributions": [
    {
      "group_id": "Q1",
      "category_id": "CPI_APPAREL",
      "contribution": -0.012546416429599017
    },
    {
      "group_id": "Q1",
      "category_id": "CPI_EDU_COMM",
      "contribution": 0.022663243493458836
    },
    {
      "group_id": "Q1",
      "category_id": "CPI_FOOD_BEVERAGES",
      "contribution": 0.556890802509083
    },
    {
      "group_id": "Q1",
      "category_id": "CPI_HOUSING",
      "contribution": 1.0070652721979374
    },
    {
      "group_id": "Q1",
      "category_id": "CPI_MEDICAL_CARE",
      "contribution": 0.21870130813262018
    },
    {
      "group_id": "Q1",
      "category_id": "CPI_OTHER",
      "contribution": 0.0813011907791034
    },
    {
      "group_id": "Q1",
      "category_id": "CPI_RECREATION",
      "contribution": 0.02870682976949236
    },
    {
      "group_id": "Q1",
      "category_id": "CPI_TRANSPORTATION",
      "contribution": -0.03791164542664959
    },
    {
      "group_id": "Q2",
      "category_id": "CPI_APPAREL",
      "contribution": -0.011823724537768405
    },
    {
      "group_id": "Q2",
      "category_id": "CPI_EDU_COMM",
      "contribution": 0.01820056647829956
    },
    {
      "group_id": "Q2",
      "category_id": "CPI_FOOD_BEVERAGES",
      "contribution": 0.5402149048777846
    },
    {
      "group_id": "Q2",
      "category_id": "CPI_HOUSING",
      "contribution": 0.980584833234855
    },
    {
      "group_id": "Q2",
      "category_id": "CPI_MEDICAL_CARE",
      "contribution": 0.21764560614125303
    },
    {
      "group_id": "Q2",
      "category_id": "CPI_OTHER",
      "contribution": 0.0940634809368035
    },
    {
      "group_id": "Q2",
      "category_id": "CPI_RECREATION",
      "contribution": 0.029062946310224644
    },
    {
      "group_id": "Q2",
      "category_id": "CPI_TRANSPORTATION",
      "contribution": -0.04386284263119418
    },
    {
      "group_id": "Q3",
      "category_id": "CPI_APPAREL",
      "contribution": -0.01224863241662662
    },
    {
      "group_id": "Q3",
      "category_id": "CPI_EDU_COMM",
      "contribution": 0.020470750066924254
    },
    {
      "group_id": "Q3",
      "category_id": "CPI_FOOD_BEVERAGES",
      "contribution": 0.5294213253032525
    },
    {
      "group_id": "Q3",
      "category_id": "CPI_HOUSING",
      "contribution": 0.9225068362400761
    },
    {
      "group_id": "Q3",
      "category_id": "CPI_MEDICAL_CARE",
      "contribution": 0.2004152108248364
    },
    {
      "group_id": "Q3",
      "category_id": "CPI_OTHER",
      "contribution": 0.09060566633380052
    },
    {
      "group_id": "Q3",
      "category_id": "CPI_RECREATION",
      "contribution": 0.03138854322157668
    },
    {
      "group_id": "Q3",
      "category_id": "CPI_TRANSPORTATION",
      "contribution": -0.05155083350314672
    },
    {
      "group_id": "Q4",
      "category_id": "CPI_APPAREL",
      "contribution": -0.01441990147247317
    },
    {
      "group_id": "Q4",
      "category_id": "CPI_EDU_COMM",
      "contribution": 0.018119942129180666
    },
    {
      "group_id": "Q4",
      "category_id": "CPI_FOOD_BEVERAGES",
      "contribution": 0.5280814943410332
    },
    {
      "group_id": "Q4",
      "category_id": "CPI_HOUSING",
      "contribution": 0.8912043201224545
    },
    {
      "group_id": "Q4",
      "category_id": "CPI_MEDICAL_CARE",
      "contribution": 0.19151141426720564
    },
    {
      "group_id": "Q4",
      "category_id": "CPI_OTHER",
      "contribution": 0.09164448474436596
    },
    {
      "group_id": "Q4",
      "category_id": "CPI_RECREATION",
      "contribution": 0.03568680093627109
    },
    {
      "group_id": "Q4",
      "category_id": "CPI_TRANSPORTATION",
      "contribution": -0.05390734457022662
    },
    {
      "group_id": "Q5",
      "category_id": "CPI_APPAREL",
      "contribution": -0.014451624702709573
    },
    {
      "group_id": "Q5",
      "category_id": "CPI_EDU_COMM",
      "contribution": 0.027501628229298424
    },
    {
      "group_id": "Q5",
      "category_id": "CPI_FOOD_BEVERAGES",
      "contribution": 0.48337894027975803
    },
    {
      "group_id": "Q5",
      "category_id": "CPI_HOUSING",
      "contribution": 0.883226477047826
    },
    {
      "group_id": "Q5",
      "category_id": "CPI_MEDICAL_CARE",
      "contribution": 0.16535743067556086
    },
    {
      "group_id": "Q5",
      "category_id": "CPI_OTHER",
      "contribution": 0.0872745738018558
    },
    {
      "group_id": "Q5",
      "category_id": "CPI_RECREATION",
      "contribution": 0.04723720258645238
    },
    {
      "group_id": "Q5",
      "category_id": "CPI_TRANSPORTATION",
      "contribution": -0.05637302009339504
    }
  ],
  "reference_period": "2019-07",
  "parameters": {
    "alpha": 0.5,
    "scale_factor": 2.0,
    "weights_year": 2023
  },
  "metadata": {
    "computed_at": "2025-12-17T14:22:09.784898Z",
    "backfill": true
  }
}