{
  "reference_period": "2024-11",
  "specification": "BASELINE_WITH_CI",
  "description": "DMI with 95% bootstrap confidence intervals",
  "parameters": {
    "alpha": 0.5,
    "scale_factor": 2.0,
    "n_bootstrap": 1000,
    "confidence_level": 0.95,
    "weight_cv": 0.05,
    "random_seed": 42
  },
  "dmi_by_group": [
    {
      "group_id": "Q1",
      "dmi": 6.882745554963851,
      "dmi_ci_lower": 6.826254264081897,
      "dmi_ci_upper": 6.935443311567212,
      "dmi_se": 0.027369606626235284,
      "inflation": 2.68274555496385,
      "inflation_ci_lower": 2.626254264081897,
      "inflation_ci_upper": 2.735443311567212,
      "inflation_se": 0.027369606626235284,
      "slack": 4.2
    },
    {
      "group_id": "Q2",
      "dmi": 6.850100050256477,
      "dmi_ci_lower": 6.78896521806585,
      "dmi_ci_upper": 6.903550014245241,
      "dmi_se": 0.02928959377317354,
      "inflation": 2.6501000502564764,
      "inflation_ci_lower": 2.58896521806585,
      "inflation_ci_upper": 2.70355001424524,
      "inflation_se": 0.02928959377317354,
      "slack": 4.2
    },
    {
      "group_id": "Q3",
      "dmi": 6.754045127505345,
      "dmi_ci_lower": 6.694051713905862,
      "dmi_ci_upper": 6.809269777848009,
      "dmi_se": 0.03012110037327365,
      "inflation": 2.5540451275053444,
      "inflation_ci_lower": 2.494051713905862,
      "inflation_ci_upper": 2.6092697778480085,
      "inflation_se": 0.03012110037327365,
      "slack": 4.2
    },
    {
      "group_id": "Q4",
      "dmi": 6.713550886698501,
      "dmi_ci_lower": 6.650302862594354,
      "dmi_ci_upper": 6.774640012478835,
      "dmi_se": 0.03057045911385844,
      "inflation": 2.5135508866985012,
      "inflation_ci_lower": 2.4503028625943535,
      "inflation_ci_upper": 2.574640012478835,
      "inflation_se": 0.03057045911385844,
      "slack": 4.2
    },
    {
      "group_id": "Q5",
      "dmi": 6.647847994705732,
      "dmi_ci_lower": 6.586400982624019,
      "dmi_ci_upper": 6.70738478155814,
      "dmi_se": 0.030407131690945725,
      "inflation": 2.447847994705732,
      "inflation_ci_lower": 2.386400982624019,
      "inflation_ci_upper": 2.50738478155814,
      "inflation_se": 0.030407131690945725,
      "slack": 4.2
    }
  ],
  "summary_metrics": {
    "dmi_median": 6.754045127505345,
    "dmi_stress": 6.882745554963851,
    "dmi_dispersion_q5_q1": -0.23489756025811914
  },
  "metadata": {
    "note": "Confidence intervals reflect CE weights uncertainty only (not CPI or unemployment)",
    "assumption": "CE weights assumed CV = 5.0%",
    "method": "Bootstrap simulation with weight perturbation"
  }
}