{
  "reference_period": "2024-11",
  "specification": "CORE_CPI",
  "description": "DMI computed using Core CPI (excluding food and beverages)",
  "parameters": {
    "alpha": 0.5,
    "scale_factor": 2.0,
    "weights_year": 2023,
    "inflation_measure": "CORE_CPI",
    "excluded_categories": [
      "CPI_FOOD_BEVERAGES"
    ]
  },
  "dmi_by_group": [
    {
      "group_id": "Q1",
      "dmi": 7.034520041757038,
      "inflation": 2.834520041757038,
      "slack": 4.2
    },
    {
      "group_id": "Q2",
      "dmi": 6.98241501976253,
      "inflation": 2.7824150197625297,
      "slack": 4.2
    },
    {
      "group_id": "Q3",
      "dmi": 6.840231406440807,
      "inflation": 2.6402314064408072,
      "slack": 4.2
    },
    {
      "group_id": "Q4",
      "dmi": 6.785887433165635,
      "inflation": 2.5858874331656345,
      "slack": 4.2
    },
    {
      "group_id": "Q5",
      "dmi": 6.6836473339612255,
      "inflation": 2.4836473339612253,
      "slack": 4.2
    }
  ],
  "summary_metrics": {
    "dmi_median": 6.840231406440807,
    "dmi_stress": 7.034520041757038,
    "dmi_dispersion_q5_q1": -0.3508727077958129
  },
  "inflation_contributions": [
    {
      "group_id": "Q1",
      "category_id": "CPI_APPAREL",
      "contribution": 0.03762114760902762
    },
    {
      "group_id": "Q1",
      "category_id": "CPI_EDU_COMM",
      "contribution": 0.03960197361763545
    },
    {
      "group_id": "Q1",
      "category_id": "CPI_HOUSING",
      "contribution": 1.9820698102897645
    },
    {
      "group_id": "Q1",
      "category_id": "CPI_MEDICAL_CARE",
      "contribution": 0.3806724965209173
    },
    {
      "group_id": "Q1",
      "category_id": "CPI_OTHER",
      "contribution": 0.20873908733466137
    },
    {
      "group_id": "Q1",
      "category_id": "CPI_RECREATION",
      "contribution": 0.0873372033551654
    },
    {
      "group_id": "Q1",
      "category_id": "CPI_TRANSPORTATION",
      "contribution": 0.09847832302986663
    },
    {
      "group_id": "Q2",
      "category_id": "CPI_APPAREL",
      "contribution": 0.034982716962322725
    },
    {
      "group_id": "Q2",
      "category_id": "CPI_EDU_COMM",
      "contribution": 0.03138098436226608
    },
    {
      "group_id": "Q2",
      "category_id": "CPI_HOUSING",
      "contribution": 1.904291331030404
    },
    {
      "group_id": "Q2",
      "category_id": "CPI_MEDICAL_CARE",
      "contribution": 0.37379795019918305
    },
    {
      "group_id": "Q2",
      "category_id": "CPI_OTHER",
      "contribution": 0.2382949353051513
    },
    {
      "group_id": "Q2",
      "category_id": "CPI_RECREATION",
      "contribution": 0.08724500638192378
    },
    {
      "group_id": "Q2",
      "category_id": "CPI_TRANSPORTATION",
      "contribution": 0.11242209552127884
    },
    {
      "group_id": "Q3",
      "category_id": "CPI_APPAREL",
      "contribution": 0.03592824634237551
    },
    {
      "group_id": "Q3",
      "category_id": "CPI_EDU_COMM",
      "contribution": 0.03499166422111924
    },
    {
      "group_id": "Q3",
      "category_id": "CPI_HOUSING",
      "contribution": 1.7760982934617207
    },
    {
      "group_id": "Q3",
      "category_id": "CPI_MEDICAL_CARE",
      "contribution": 0.34124545561539515
    },
    {
      "group_id": "Q3",
      "category_id": "CPI_OTHER",
      "contribution": 0.2275612493395398
    },
    {
      "group_id": "Q3",
      "category_id": "CPI_RECREATION",
      "contribution": 0.09341600368923954
    },
    {
      "group_id": "Q3",
      "category_id": "CPI_TRANSPORTATION",
      "contribution": 0.13099049377141747
    },
    {
      "group_id": "Q4",
      "category_id": "CPI_APPAREL",
      "contribution": 0.04225370368415127
    },
    {
      "group_id": "Q4",
      "category_id": "CPI_EDU_COMM",
      "contribution": 0.030941525362268126
    },
    {
      "group_id": "Q4",
      "category_id": "CPI_HOUSING",
      "contribution": 1.7140708059483432
    },
    {
      "group_id": "Q4",
      "category_id": "CPI_MEDICAL_CARE",
      "contribution": 0.32575038022277414
    },
    {
      "group_id": "Q4",
      "category_id": "CPI_OTHER",
      "contribution": 0.22993408541386187
    },
    {
      "group_id": "Q4",
      "category_id": "CPI_RECREATION",
      "contribution": 0.1060991278176868
    },
    {
      "group_id": "Q4",
      "category_id": "CPI_TRANSPORTATION",
      "contribution": 0.1368378047165494
    },
    {
      "group_id": "Q5",
      "category_id": "CPI_APPAREL",
      "contribution": 0.04089507960513019
    },
    {
      "group_id": "Q5",
      "category_id": "CPI_EDU_COMM",
      "contribution": 0.04535187157788824
    },
    {
      "group_id": "Q5",
      "category_id": "CPI_HOUSING",
      "contribution": 1.6404970299336628
    },
    {
      "group_id": "Q5",
      "category_id": "CPI_MEDICAL_CARE",
      "contribution": 0.27162258448330495
    },
    {
      "group_id": "Q5",
      "category_id": "CPI_OTHER",
      "contribution": 0.2114641019878594
    },
    {
      "group_id": "Q5",
      "category_id": "CPI_RECREATION",
      "contribution": 0.13562515882278747
    },
    {
      "group_id": "Q5",
      "category_id": "CPI_TRANSPORTATION",
      "contribution": 0.13819150755059215
    }
  ],
  "metadata": {
    "computed_at": "2025-12-17T14:40:13.939237Z",
    "num_groups": 5,
    "note": "Core CPI excludes volatile food and beverage prices"
  }
}